DNAREP1_DM$2R_RaGOO$4139223$4139651	b6166ae0-f2ad-4ca5-8fed-17717f2aed50	2R_RaGOO	4138415	4139318
DNAREP1_DM$4_RaGOO$456468$456655	cbbb7756-8e39-4019-ab46-2026e152f176	4_RaGOO	455876	457059
DM412B_LTR$2R_RaGOO$7347845$7348087	faa9da66-a79c-470b-961f-1b947b7d8d41	2R_RaGOO	7347655	7349058
ROO_I$X_RaGOO$8989745$8989983	7821e35a-34ad-4e72-a34b-39135b093076	X_RaGOO	8989602	8990101
DNAREP1_DM$4_RaGOO$1257458$1258619	2211f6cc-2b21-4cf9-86f6-ef65ce20367b	4_RaGOO	1258323	1262734
DNAREP1_DM$2L_RaGOO$17714927$17715395	429d5921-e99d-4c37-85b2-a7e9901a1b4b	2L_RaGOO	17715340	17716161
POGO$2R_RaGOO$7201268$7202754	3c9b727a-4266-40ad-9f8f-121235ef4807	2R_RaGOO	7201349	7202758
HMSBEAGLE_I$3R_RaGOO$17435842$17436040	6e0d0dc4-66e7-4bab-91db-b581e8c8a12a	3R_RaGOO	17433943	17435915
DIVER2_I$2R_RaGOO$4218738$4223733	dc9f2f79-7bf4-4cb7-a00d-095b3b563e7c	2R_RaGOO	4194690	4226653
DNAREP1_DM$4_RaGOO$1186332$1186735	6499ad6b-8d57-46bb-96bf-17fb0fdfcc4d	4_RaGOO	1186484	1188220
IVK_DM$3L_RaGOO$19656431$19661800	72b1b392-2aa5-42a9-aa38-cc99928e6deb	3L_RaGOO	19634797	19661187
ROO_I$2R_RaGOO$13238874$13250807	918a0481-dbc3-441c-8bf2-59425a3e5301	2R_RaGOO	13238921	13240288
DMTOM1_LTR$X_RaGOO$11258002$11258389	d487a33a-b257-4aaf-95c4-db2dbbfafe2b	X_RaGOO	11257877	11258318
S_DM$2R_RaGOO$3387895$3389569	9e9cca59-302b-4cce-ab75-8697ff4324be	2R_RaGOO	3388129	3389964
DNAREP1_DM$4_RaGOO$456468$456655	78e8f8de-0af6-4c82-9905-138683231c97	4_RaGOO	455923	457056
ACCORD_LTR$2R_RaGOO$10965448$10972654	250df314-c5e4-4ad5-94a3-1ecf86f9d4d1	2R_RaGOO	10963050	10989121
PROTOP$3L_RaGOO$26068646$26074787	b8b8c54a-30a9-435b-af32-d907455864d3	3L_RaGOO	26047566	26073380
DIVER2_I$2R_RaGOO$4796553$4796987	7e72c020-301e-4778-b935-47298f2bb02e	2R_RaGOO	4795935	4797506
ROO_I$3L_RaGOO$19597644$19598396	0ca4159b-3f97-4038-bd05-a60b6246e389	3L_RaGOO	19596908	19597753
HMSBEAGLE_I$3R_RaGOO$17435842$17436040	c6e019bf-b121-4731-83f4-d8324d8b6086	3R_RaGOO	17433943	17435924
ROO_I$3R_RaGOO$4535898$4536384	a3788c3e-7d30-4a15-bf59-ff0c521c71b4	3R_RaGOO	4535173	4536732
ROO_I$X_RaGOO$8989745$8989983	f624caca-c26d-4d31-af85-45b77eb059e3	X_RaGOO	8989670	8990227
Invader3_I$3L_RaGOO$26074788$26078600	de71cbaa-6615-4ffa-8502-78e4a91f2bdc	3L_RaGOO	26047923	26077353
ROO_I$3L_RaGOO$19597644$19598396	9e6030ca-cd98-45e7-ad1b-42b377d1e95a	3L_RaGOO	19596892	19597769
POGO$3L_RaGOO$9733928$9735150	71d5ad18-b61c-4927-9c3e-5bda0b508aa3	3L_RaGOO	9733216	9734063
ROO_I$3R_RaGOO$12957465$12959168	9e83cdb3-571f-48fd-a43d-8d16c873ff13	3R_RaGOO	12958973	12960582
Gypsy6_I$2R_RaGOO$972110$979166	5edfca7f-5403-4d89-9370-355e9c52713c	2R_RaGOO	935677	978201
LINEJ1_DM$2R_RaGOO$12357739$12358093	eee5564c-43f1-4e6d-9a74-0ec239dbfe22	2R_RaGOO	12357413	12358090
DNAREP1_DM$2L_RaGOO$20918822$20918988	f39059a5-4978-4258-8aff-52555b0cbeda	2L_RaGOO	20917206	20919135
ROOA_LTR$2R_RaGOO$8715080$8715430	c4783256-8112-4603-9eb4-a3a627cdc446	2R_RaGOO	8715142	8716689
DNAREP1_DM$2R_RaGOO$4139223$4139651	d19dc179-1530-4e33-aadd-8e77e224ac21	2R_RaGOO	4139059	4139296
FB4_DM$4_RaGOO$769101$769563	3591db02-9102-4d60-8d85-949f484b1e80	4_RaGOO	769247	771044
DIVER2_I$2R_RaGOO$4218738$4223733	f907c82a-5ec3-4f86-afa0-fd0fa29aea53	2R_RaGOO	4194707	4226598
DMRT1C$2R_RaGOO$2166484$2176140	7a6001e3-f70f-4eb6-9920-8da9b3af4721	2R_RaGOO	2174700	2186253
ROO_I$3L_RaGOO$19597644$19598396	d6c69d2f-3012-4194-88f4-a5a709d6e699	3L_RaGOO	19596871	19597794
TAHRE$2R_RaGOO$3700966$3703361	00798560-04db-4d1b-bce3-934e46c4551a	2R_RaGOO	3694669	3703089
ROO_I$3R_RaGOO$12957465$12959168	d73f8536-7d31-4e01-be57-50657f895d89	3R_RaGOO	12957578	12960780
DIVER2_I$2R_RaGOO$4218738$4223733	841c0070-d643-4055-8529-642084340471	2R_RaGOO	4194730	4226590
TRANSIB4$2R_RaGOO$3456054$3457884	6d7845db-ac1d-4c7f-8009-8a5b26da7629	2R_RaGOO	3454986	3456495
PROTOP$2R_RaGOO$1205810$1206584	8b04d85f-9e92-43e1-a0f8-28d0018d240c	2R_RaGOO	1205696	1206188
Gypsy6_I$2R_RaGOO$972110$979166	fd9f9c09-b313-49f0-9711-c251012b8f25	2R_RaGOO	953817	978134
PROTOP_B$2L_RaGOO$22342065$22342964	0717c688-d356-4cfc-aa35-56d01e181f8e	2L_RaGOO	22341424	22342330
DNAREP1_DM$4_RaGOO$1257458$1258619	733c7ef9-2160-4674-8391-7d71615c503c	4_RaGOO	1258327	1262402
ROO_I$2R_RaGOO$13238874$13250807	60045d18-f697-463b-b378-9bd52427cdd1	2R_RaGOO	13238804	13240289
POGO$2L_RaGOO$2955877$2958004	7ca7391a-e0f6-4af2-b69c-b50db9210998	2L_RaGOO	2955958	2958007
DNAREP1_DM$4_RaGOO$1257458$1258619	3f15ce8b-c214-44ef-8acd-41dea389f4d0	4_RaGOO	1258323	1262381
TC1-2_DM$3R_RaGOO$14406801$14407077	3a125248-a7de-49c8-bdda-b65aa6beeb3e	3R_RaGOO	14406688	14407362
DNAREP1_DM$3R_RaGOO$3344216$3344533	674d88d2-10c8-4034-9aae-15751c1e912d	3R_RaGOO	3344110	3344376
DNAREP1_DM$3R_RaGOO$3344216$3344533	9420bfb3-8d83-493f-a201-f7458d151fee	3R_RaGOO	3344043	3344399
DMTOM1_LTR$X_RaGOO$11258002$11258389	87fdeb2b-21ea-469c-817e-17f287f041a6	X_RaGOO	11257984	11258312
TRANSPAC_LTR$2L_RaGOO$8985200$8990448	32af707d-5c43-4b3e-8ebb-4392fc54ca9b	2L_RaGOO	8960415	8989885
ROO_I$X_RaGOO$11535263$11535488	42b0b43a-1d9a-4a3f-a698-bfcd57956f87	X_RaGOO	11533935	11535477
DNAREP1_DM$2R_RaGOO$4741135$4742020	9edf84dc-b711-4c7d-8981-6f1d055c5901	2R_RaGOO	4741508	4742926
ROO_I$X_RaGOO$10157853$10159539	8925bba4-aa4e-4fd4-b9ef-10fc99e5a055	X_RaGOO	10158014	10158880
MDG1_LTR$3L_RaGOO$22730419$22737426	a7b12da6-8f12-4a76-9c40-af11f5fa0ff1	3L_RaGOO	22711535	22737085
ACCORD_LTR$2R_RaGOO$10965448$10972654	f06faf45-2dd2-440b-8bbf-3eeb63561fcd	2R_RaGOO	10963078	10989121
POGO$2R_RaGOO$7201268$7202754	3d980a63-8c0f-4a20-bed5-8befd19d18a0	2R_RaGOO	7201412	7202762
DIVER2_I$2R_RaGOO$4796553$4796987	cfd08ef8-a000-42e2-8f98-1ad5674d868b	2R_RaGOO	4795923	4797282
LINEJ1_DM$2R_RaGOO$12357739$12358093	fae3aeef-a476-404f-89fb-b9dace4b2580	2R_RaGOO	12357921	12360770
POGO$2R_RaGOO$7201268$7202754	6fb2acbe-705d-4d2b-9958-16c6672237c2	2R_RaGOO	7201343	7202765
ACCORD_LTR$2R_RaGOO$10965448$10972654	08675cb7-271f-46fb-a082-3d2a6848502b	2R_RaGOO	10963046	10989121
Gypsy6_I$2R_RaGOO$965857$971497	d86010ff-01c3-4f3f-b3cf-e0be9cb2594d	2R_RaGOO	953680	970469
MICROPIA_I$2R_RaGOO$4463346$4465935	a8d18650-66aa-4399-bef4-633cad8a73a9	2R_RaGOO	4448759	4466253
DNAREP1_DM$X_RaGOO$6472222$6472773	434cde8c-23c8-4dba-b59f-11af885c4a56	X_RaGOO	6471175	6472730
FB4_DM$4_RaGOO$769101$769563	faf30a14-4b80-4c6a-9f6f-26b7f00aa5ec	4_RaGOO	769235	770989
POGO$2R_RaGOO$7201268$7202754	9cbd7acc-5e08-486f-94c9-f3d8a367fdb0	2R_RaGOO	7201341	7202758
PROTOP_A$4_RaGOO$598550$599605	2b5f9939-ec74-4253-805b-4cafd93a9211	4_RaGOO	596859	598878
ROO_I$2R_RaGOO$19861372$19861541	29e9d62c-b9e4-4a6c-aae6-80391fb53b25	2R_RaGOO	19860252	19861618
DNAREP1_DM$X_RaGOO$11545814$11546273	d195fe76-8244-483e-adae-b866f58c14ef	X_RaGOO	11545589	11546614
DNAREP1_DM$2R_RaGOO$4454209$4455318	f9ba0072-bf47-4737-922a-c27e7e13728e	2R_RaGOO	4454857	4458877
Invader3_I$3L_RaGOO$26074788$26078600	43fdfba0-bc63-4375-a264-1ad3076566b0	3L_RaGOO	26047894	26077351
DMCR1A$3L_RaGOO$24646195$24648777	02b829d2-2448-4a83-8381-3e178c1d809c	3L_RaGOO	24497753	24649767
POGO$2L_RaGOO$2955877$2958004	2fd55b2c-bb28-4196-b13a-6491071868f1	2L_RaGOO	2955961	2958007
DNAREP1_DM$3L_RaGOO$9326561$9326959	7ecf5a66-b416-44cb-acc8-762655290e85	3L_RaGOO	9326507	9327578
G5A_DM$X_RaGOO$5630182$5630383	2d2264c2-eb99-4f76-8873-769dce570bfb	X_RaGOO	5630334	5631464
POGO$2R_RaGOO$7201268$7202754	bef75e19-1616-41d9-884c-d823e7da69b1	2R_RaGOO	7201348	7202758
ROO_I$3L_RaGOO$19597644$19598396	2541d1f9-ce9c-4146-a749-fa9f75d540c7	3L_RaGOO	19596844	19597774
POGO$2R_RaGOO$7201268$7202754	f29065d0-5a6f-4f58-9dcc-3286c4e59fed	2R_RaGOO	7201383	7202758
ACCORD_LTR$2R_RaGOO$10965448$10972654	6ba19f0e-06c4-4e13-b9c0-e2f5665970f1	2R_RaGOO	10963049	10989124
ROO_I$3L_RaGOO$19597644$19598396	c19a2a39-19b2-47eb-bce1-ec653fe90f1d	3L_RaGOO	19596871	19597799
DNAREP1_DM$3R_RaGOO$3344216$3344533	392902f0-4eee-43c0-816a-c21d25cbb7bd	3R_RaGOO	3344103	3344377
DNAREP1_DM$2L_RaGOO$10385196$10385374	9d9dbf9a-20e6-4ccb-a3d0-d5a461ee6cbf	2L_RaGOO	10384784	10385805
ROO_I$3L_RaGOO$7744557$7749643	56f6cf4d-c81f-4378-8570-da15869aad9f	3L_RaGOO	7745567	7746640
DNAREP1_DM$2L_RaGOO$10385196$10385374	5cdc33f9-2e05-4836-b525-b22dad46d2d7	2L_RaGOO	10385161	10385571
ROO_LTR$3R_RaGOO$24484209$24493255	eb2ad6cd-58ad-4baa-89d8-f92eb95a00ef	3R_RaGOO	24457961	24492043
ROO_I$3L_RaGOO$7744557$7749643	1e8bac5f-2e46-40f8-a838-74edcc90d94e	3L_RaGOO	7745653	7746640
ROO_I$X_RaGOO$12254906$12259395	926b6690-6a76-422c-a232-b30b58fca39c	X_RaGOO	12256640	12257808
ROO_I$3L_RaGOO$19597644$19598396	cc588b85-b466-4356-9f4b-f632ccfa2ada	3L_RaGOO	19596844	19598140
IDEFIX_LTR$3R_RaGOO$3200281$3200684	5debd4c2-f410-460e-ae02-9709a692453e	3R_RaGOO	3197782	3200719
PROTOP$3L_RaGOO$26068646$26074787	f405eff9-3e61-45be-a769-538144585b98	3L_RaGOO	26059652	26074585
ROO_I$3L_RaGOO$19597644$19598396	c61c639f-5678-4974-b320-925e88abb723	3L_RaGOO	19596874	19597766
HMSBEAGLE_I$3R_RaGOO$17435842$17436040	8edc0236-fa3f-4345-a852-64963f211dc7	3R_RaGOO	17434042	17435863
ROO_I$2R_RaGOO$13238874$13250807	cc0bb960-e1f0-4154-8df3-860d87d72eb5	2R_RaGOO	13238373	13240250
DNAREP1_DM$3L_RaGOO$22959168$22959494	aed811dc-f829-4c69-aea5-40b1b1f42c1b	3L_RaGOO	22958210	22959672
DIVER2_I$2R_RaGOO$4796553$4796987	6c859be0-9bb6-4686-ab22-be41f24e37fc	2R_RaGOO	4795882	4797292
PLACW_DM$3L_RaGOO$13917593$13918520	b44ba976-1bc7-4492-80fb-da1d3ad60995	3L_RaGOO	13918423	13919695
DNAREP1_DM$2R_RaGOO$4234578$4234940	0c78ed7f-544f-4676-8a13-e5501e555ce0	2R_RaGOO	4234882	4235632
DNAREP1_DM$4_RaGOO$1119403$1119867	a23539fe-25bb-40ec-b3f6-5004ab870401	4_RaGOO	1117073	1119543
Gypsy8_LTR$X_RaGOO$3753780$3754090	cc91e2cb-e72a-482a-b053-b521b2597ae7	X_RaGOO	3754046	3754501
FB4_DM$4_RaGOO$769101$769563	1cd6f459-fa1f-4766-972c-c0762e5136ce	4_RaGOO	769241	771045
Jockey2$3L_RaGOO$26421968$26422158	904abd4e-9e06-4622-b0aa-3d8c37a0475b	3L_RaGOO	26421877	26422389
ROO_I$X_RaGOO$12386287$12386489	6a8974d2-8c1d-4261-88f7-2c19ab666d50	X_RaGOO	12386134	12397565
TRANSIB3$4_RaGOO$892038$893004	575c6b10-ec1e-4cdd-a7c8-0264736898f2	4_RaGOO	892795	893813
ROO_I$3R_RaGOO$4535898$4536384	e93c1cbf-86ad-47c1-8def-678318975468	3R_RaGOO	4534930	4536567
ACCORD_LTR$2R_RaGOO$10965448$10972654	e3374bdd-cd76-4943-b79a-c7e569c72b3b	2R_RaGOO	10963048	10989260
TART_B1$2L_RaGOO$11931931$11932156	9051bd03-cfc6-408a-9d3d-ab337b406526	2L_RaGOO	11931696	11932467
DIVER2_I$3L_RaGOO$22986955$22989207	f015aad3-317a-4fc5-8ccc-3b530d101b2f	3L_RaGOO	22958694	22988134
DIVER2_I$2R_RaGOO$4218738$4223733	04ff2bcd-f930-4f8c-a8b3-54a4fa11eba9	2R_RaGOO	4201247	4226584
POGO$2R_RaGOO$7201268$7202754	1f671b3e-03cb-40d9-964b-e0816fc02c8b	2R_RaGOO	7201343	7202765
DNAREP1_DM$2R_RaGOO$3502660$3503654	efdbab6d-82cc-47ef-8495-f8cd9e6d13a6	2R_RaGOO	3501326	3503075
ROO_I$X_RaGOO$8989745$8989983	17910ce0-6666-4965-8653-922b5783905b	X_RaGOO	8989633	8990767
ACCORD_LTR$2R_RaGOO$10965448$10972654	e0797d6e-27b6-484c-94ac-7dae19fa9dba	2R_RaGOO	10963047	10989121
ACCORD_LTR$2R_RaGOO$10965448$10972654	60a44e6d-e5bf-49c9-9e08-ffb0cc01891d	2R_RaGOO	10963172	10989265
ROO_I$X_RaGOO$12386287$12386489	a159bc7f-aa02-4570-93df-387906f2de18	X_RaGOO	12386303	12397571
POGO$2L_RaGOO$2955877$2958004	b44d850b-ff45-4fac-a828-acc5805c9e81	2L_RaGOO	2955959	2958007
ACCORD_LTR$2R_RaGOO$10965448$10972654	d911c7a0-ae54-4ea7-a833-57a3a3504246	2R_RaGOO	10963046	10989115
ACCORD_LTR$2R_RaGOO$10965448$10972654	3859acce-8d2d-4d99-81aa-223812e8a05f	2R_RaGOO	10957416	10989094
DNAREP1_DM$3L_RaGOO$19244612$19244797	81448c2a-4f32-4390-bd5f-c1aeab12b93f	3L_RaGOO	19244434	19245198
DNAREP1_DM$3R_RaGOO$3684553$3684831	becfb037-612f-4c8b-8f02-ef6ae8278935	3R_RaGOO	3684666	3685895
POGO$2R_RaGOO$7201268$7202754	39d91dcf-2147-49e2-aeaf-568cab450dfb	2R_RaGOO	7201342	7202758
POGO$3L_RaGOO$9733928$9735150	47402e24-8a3f-45ed-b1f2-c628274243bd	3L_RaGOO	9733161	9734071
ROO_I$3L_RaGOO$19597644$19598396	6fd9437a-67ee-4970-b2be-e7ccb0471976	3L_RaGOO	19596892	19597776
TRANSIB3$4_RaGOO$892038$893004	0008dbdb-ce9f-487b-baed-b96c92b224c5	4_RaGOO	891236	892612
DNAREP1_DM$2R_RaGOO$3333640$3334029	f9b6d4be-5151-4a29-94b1-07d5db571962	2R_RaGOO	3333937	3390017
ROO_I$3L_RaGOO$19597644$19598396	d0b53941-2b3a-4214-92d9-e3aa62cc23a5	3L_RaGOO	19596869	19597767
ACCORD_LTR$2R_RaGOO$10965448$10972654	5ba55040-f051-4a0b-8bc9-e308f699b9b3	2R_RaGOO	10963049	10989247
G5A_DM$2R_RaGOO$15931563$15931723	6c305a86-700e-4c51-84bc-7cab745ef28e	2R_RaGOO	15931247	15931713
ROO_I$2R_RaGOO$13238874$13250807	e63b0162-2d00-4eff-9353-303f1389c123	2R_RaGOO	13239009	13240253
ROO_I$X_RaGOO$8989745$8989983	fbf6d2e8-fb5e-43e2-95f4-1709902f3e81	X_RaGOO	8989591	8990963
DMTOM1_LTR$X_RaGOO$11258002$11258389	a13cab5e-68aa-4cde-9990-1ccf520f77a5	X_RaGOO	11256957	11258311
DNAREP1_DM$4_RaGOO$1171820$1172051	29b2d6b8-0cad-4e78-8244-2eaa0bd9c6d0	4_RaGOO	1172018	1172722
Gypsy6_I$2R_RaGOO$972110$979166	66fd8577-56a8-42a5-981d-4f1d50a22423	2R_RaGOO	954067	978180
DNAREP1_DM$2R_RaGOO$4741135$4742020	bfbfe717-4a95-4e58-b75d-b579a89478d3	2R_RaGOO	4741432	4742928
POGO$2R_RaGOO$7201268$7202754	286b8cc0-5d92-4d53-9941-65c6089840b6	2R_RaGOO	7201344	7202758
PROTOP_B$3L_RaGOO$24137900$24138621	3b77d41f-e160-4b72-a03f-ce7a5bd063fe	3L_RaGOO	24137733	24139499
ROO_I$X_RaGOO$12386287$12386489	6bb1328b-cf5b-4288-8b48-f1d61a30ac09	X_RaGOO	12386051	12387362
DNAREP1_DM$2R_RaGOO$4234578$4234940	e0171e15-8e65-4a4d-8726-64fed40e89b0	2R_RaGOO	4234896	4235627
DNAREP1_DM$2R_RaGOO$4234578$4234940	ed70bbc4-76d0-4926-8b4c-ac3e87377570	2R_RaGOO	4234523	4235632
HMSBEAGLE_I$3R_RaGOO$17435842$17436040	9b608cd7-6490-477b-a7a2-6d1c0b9af1d9	3R_RaGOO	17435316	17436183
DMTOM1_LTR$X_RaGOO$11258002$11258389	d15def24-cf49-40ab-a014-7f8d37f0e982	X_RaGOO	11257157	11258302
TRANSIB3$4_RaGOO$892038$893004	c9b8cc6f-eaa7-4eeb-bd3f-e362a74d5643	4_RaGOO	892877	893821
DMTOM1_LTR$X_RaGOO$11258002$11258389	d6b5712c-37b4-425d-9faa-bfb75f39366f	X_RaGOO	11258053	11258296
ROO_I$3L_RaGOO$19597644$19598396	e9628391-611f-4d81-90fc-3b85bce3444d	3L_RaGOO	19596855	19597788
PLACW_DM$3L_RaGOO$13917593$13918520	075f1ca4-2de6-4f3f-a6dd-ca798507d3a0	3L_RaGOO	13917481	13918154
STALKER4_LTR$2R_RaGOO$3528328$3528676	4a791f6e-04fb-4171-bf89-2ef231cf5ab1	2R_RaGOO	3528338	3528878
DIVER2_I$2R_RaGOO$4796553$4796987	ca8f0c9c-a078-48cc-a6d9-e8b4a6dc7499	2R_RaGOO	4795923	4797623
DMTOM1_LTR$X_RaGOO$11258002$11258389	0e2623fb-eb6f-4fe8-909c-3ed93497194c	X_RaGOO	11257576	11258311
DNAREP1_DM$3L_RaGOO$9326561$9326959	f348e9c6-ed26-4f3a-a77f-962b66d97e90	3L_RaGOO	9326808	9327545
ROO_I$2R_RaGOO$14213942$14227652	f99cafc3-805e-4e47-836e-109d68158849	2R_RaGOO	14211166	14269233
HMSBEAGLE_I$3R_RaGOO$17435842$17436040	08d4091b-8e70-4db9-8beb-e80522025700	3R_RaGOO	17433943	17435930
DMTOM1_LTR$X_RaGOO$11258002$11258389	580aae16-7f4a-49d4-a7fc-6fa5351d91b6	X_RaGOO	11258185	11258316
ACCORD_LTR$2R_RaGOO$10965448$10972654	bb7e6d9e-7065-4bd1-ab0e-cd341225aa8f	2R_RaGOO	10963047	10989115
DNAREP1_DM$2L_RaGOO$17714927$17715395	67f6b409-35b5-466d-807f-ee250de66264	2L_RaGOO	17715271	17716161
DNAREP1_DM$3L_RaGOO$21155483$21155795	d695acf4-873d-43bf-9abd-19691cead186	3L_RaGOO	21155550	21156579
G5A_DM$X_RaGOO$21131362$21132038	8c532212-61c7-4070-b9f9-619f0cf8b10c	X_RaGOO	21131431	21132354
DNAREP1_DM$X_RaGOO$11545814$11546273	cfb140e3-d48f-42cd-9a52-d69443a14d9e	X_RaGOO	11545524	11546825
DNAREP1_DM$4_RaGOO$946271$946477	c0cab55b-0faa-4c28-9cb4-f876a67b8417	4_RaGOO	946435	947276
ROO_I$X_RaGOO$12386287$12386489	bbb4a734-795e-4c45-a2f6-228312fd8216	X_RaGOO	12386363	12397565
DMRT1C$2R_RaGOO$2166484$2176140	ddaccd5d-0405-447e-9653-e2e5af1d89a7	2R_RaGOO	2174675	2186312
POGO$2R_RaGOO$7201268$7202754	7238aa82-7d97-47f3-9ddb-00c4c503a639	2R_RaGOO	7201343	7202765
PROTOP_B$2R_RaGOO$3266041$3267230	cb20d00f-5905-4e54-9c30-174ab5264844	2R_RaGOO	3264806	3266664
HMSBEAGLE_I$3R_RaGOO$17435842$17436040	640c7a5c-68b8-4b30-b0b8-d66bb6600086	3R_RaGOO	17433943	17436197
ROO_I$X_RaGOO$8989745$8989983	0e394579-a095-42eb-b61c-e09d9ec2bb92	X_RaGOO	8989606	8989843
DNAREP1_DM$X_RaGOO$6728274$6728628	47c3b99d-7116-40ba-9fcb-cf74dbf71257	X_RaGOO	6727928	6728447
DNAREP1_DM$3R_RaGOO$3344216$3344533	5220f48c-d679-4859-8fed-dae6865fa615	3R_RaGOO	3344045	3344399
DNAREP1_DM$2R_RaGOO$4234578$4234940	7a6af915-160d-42d2-aca6-07d2586204d9	2R_RaGOO	4234882	4235625
TC1-2_DM$3R_RaGOO$3334876$3335237	96738ea8-808e-4347-b7f2-a1be235e068b	3R_RaGOO	3334014	3335161
DIVER2_I$2R_RaGOO$4796553$4796987	4578b75f-657b-4b2d-9eff-9c4a6af24f30	2R_RaGOO	4795923	4797285
ROO_I$3R_RaGOO$12957465$12959168	4120281c-d877-41b0-9ba5-df64133fd511	3R_RaGOO	12958906	12960128
HMSBEAGLE_I$3R_RaGOO$17435842$17436040	e24dea24-16f2-492b-bd9b-5cbb0efd64cd	3R_RaGOO	17433969	17435954
PROTOP_A$X_RaGOO$12424177$12424822	c1674bcf-06ac-4cdc-a184-af428caabbac	X_RaGOO	12423952	12424246
POGO$2L_RaGOO$2955877$2958004	fb5866fb-814a-4512-a688-57f6178266ee	2L_RaGOO	2955960	2958009
DNAREP1_DM$4_RaGOO$952971$953352	34008d04-b0fd-44d7-9e4c-ccfc2e6645fd	4_RaGOO	952018	953200
HMSBEAGLE_I$3R_RaGOO$17435842$17436040	17bbc0cf-85e7-4d7f-b134-6695fb99edd9	3R_RaGOO	17433956	17436142
POGO$2L_RaGOO$2955877$2958004	c5855518-e3f5-4ccf-bd11-bbc24302ca4c	2L_RaGOO	2955967	2958007
DNAREP1_DM$2R_RaGOO$3624830$3625068	8a1914a0-10d3-4b2e-b5cf-02e3de022504	2R_RaGOO	3624991	3627555
BS$3R_RaGOO$2291076$2296600	f04c4141-91d9-4809-a403-51e713ab939d	3R_RaGOO	2046186	2391785
HMSBEAGLE_I$3R_RaGOO$17435842$17436040	e09ad958-ef6b-4ce4-b5e4-b797f6d25aeb	3R_RaGOO	17433994	17436257
POGO$3L_RaGOO$9733928$9735150	7c2b7d9d-0eaf-410e-b44e-eddbdc4d6fa5	3L_RaGOO	9733189	9734072
ROO_I$3L_RaGOO$19597644$19598396	a85d1790-488e-4009-91ec-31d1d5a11e9a	3L_RaGOO	19596875	19597774
ACCORD_LTR$2R_RaGOO$10965448$10972654	dac49721-5e11-4b59-bccf-5bf208762855	2R_RaGOO	10963048	10989220
ROO_I$X_RaGOO$4684190$4696799	073df000-cb11-4782-a2f6-c4c5b3e3a509	X_RaGOO	4684889	4694495
PROTOP_B$3R_RaGOO$3434829$3435387	f4dda3d6-ecab-4e03-9a9c-c57ea2476ddf	3R_RaGOO	3433850	3434981
DNAREP1_DM$2R_RaGOO$1778180$1778445	7d5ae372-42a6-49da-b5b3-63c07d8ca6cc	2R_RaGOO	1776951	1778239
ROO_I$3L_RaGOO$19597644$19598396	a277cd97-3d8d-4efe-acb1-8232279c0903	3L_RaGOO	19596840	19597790
HMSBEAGLE_I$3R_RaGOO$17435842$17436040	c715cbd2-426d-4131-b7f3-49063c5b6d17	3R_RaGOO	17434749	17435902
DNAREP1_DM$4_RaGOO$1186332$1186735	daaf3e36-e272-41bc-b37a-8842b8e9f0d4	4_RaGOO	1186484	1190701
ROO_I$3L_RaGOO$19597644$19598396	d2fbbfe7-4cde-454b-ab15-dd7b6549a8c2	3L_RaGOO	19596871	19597768
DNAREP1_DM$X_RaGOO$6728274$6728628	d964658a-1152-4df9-a2d3-32c20ca1fe84	X_RaGOO	6728079	6728332
ROO_I$3L_RaGOO$7744557$7749643	9b5386e9-f8df-431c-9896-acc8bac4b3f5	3L_RaGOO	7745567	7746640
BATUMI_LTR$2R_RaGOO$3169212$3182879	677bc705-c4f3-4224-8ff3-8c1b86f34175	2R_RaGOO	3136923	3176683
ROO_I$X_RaGOO$10157853$10159539	08de26c5-17aa-499e-b4ed-9f148080aacc	X_RaGOO	10156483	10159053
DNAREP1_DM$4_RaGOO$1186332$1186735	05f7b365-68f9-4db9-9b9b-79b4adb290d6	4_RaGOO	1186484	1188240
DIVER2_I$2R_RaGOO$4218738$4223733	f91f0b6a-df54-4ac2-aa9b-8db33fd518e8	2R_RaGOO	4217312	4221432
HMSBEAGLE_I$3R_RaGOO$17435842$17436040	9dbc2b09-cb51-4ce0-bb54-23ecb47cd7ac	3R_RaGOO	17433651	17436189
POGO$3L_RaGOO$9733928$9735150	cde57f15-d501-4bf2-b3c1-700cc4971e85	3L_RaGOO	9733195	9734063
POGON1$3R_RaGOO$12322706$12322889	bc333875-db81-481d-8233-d0f4e42b0c66	3R_RaGOO	12322471	12323990
Gypsy8_LTR$X_RaGOO$3753780$3754090	24ad23a4-daba-4899-90ef-5e7804bde356	X_RaGOO	3754046	3754471
ROO_I$X_RaGOO$8989745$8989983	5e644c69-7557-4bf5-ae8e-7b83585cecc7	X_RaGOO	8989606	8990914
DNAREP1_DM$2R_RaGOO$4139223$4139651	85a13d0f-12d1-4e74-b78a-8081fda3fd82	2R_RaGOO	4137929	4139862
ROO_I$3R_RaGOO$8872694$8873218	26c5adad-8242-428e-93d9-44d1d112be86	3R_RaGOO	8866623	8873257
DIVER2_I$2R_RaGOO$4218738$4223733	603538d9-d6ec-4d78-9198-555d38121430	2R_RaGOO	4217294	4226608
DNAREP1_DM$4_RaGOO$1119403$1119867	323755f1-0cbf-41c3-b7ec-a769b83084f7	4_RaGOO	1117074	1119490
ROO_I$3L_RaGOO$15920149$15920462	df0c055a-2afa-43bc-a6d6-ce0c5cc0a651	3L_RaGOO	15917155	15920223
DMTOM1_LTR$X_RaGOO$11258002$11258389	87c26f1c-faf6-428c-ac5f-d1e8e47473f5	X_RaGOO	11257124	11258314
DMTOM1_LTR$X_RaGOO$11258002$11258389	4e34b11f-bfa4-48e7-9c54-e8c1c3d5bf9d	X_RaGOO	11256797	11258316
FB4_DM$2L_RaGOO$21192802$21194033	08ff53d3-92f2-4ef5-8cda-f7f946888dc1	2L_RaGOO	21193502	21193914
PROTOP$X_RaGOO$6472772$6473112	22683ddc-f138-4a2f-bf3d-b2a35b88bcbc	X_RaGOO	6472743	6473737
DNAREP1_DM$4_RaGOO$1257458$1258619	e9af870d-bd70-40e9-8015-921decd161a4	4_RaGOO	1258326	1262676
ACCORD_LTR$2R_RaGOO$10965448$10972654	bdcbbfd5-766c-46ab-b238-b5cfec716a61	2R_RaGOO	10963046	10989121
TC1-2_DM$3R_RaGOO$14406801$14407077	1268e2f9-4460-4b30-bccd-db379d5849b9	3R_RaGOO	14406243	14407364
DNAREP1_DM$3L_RaGOO$19033029$19033304	c6983498-71e8-4bdc-b35c-8f96c733d4f5	3L_RaGOO	19031984	19033181
DNAREP1_DM$3L_RaGOO$19244612$19244797	ad7ef3c5-7b34-4b56-8bf2-214657d8c26c	3L_RaGOO	19244440	19245195
PROTOP$2R_RaGOO$2184633$2185203	f5b56614-e538-4cd8-b688-445dac80e1ad	2R_RaGOO	2184782	2186294
PROTOP_B$2L_RaGOO$22342065$22342964	54def0ae-ce82-4e10-b799-d67f26aeb049	2L_RaGOO	22341098	22342166
DNAREP1_DM$2R_RaGOO$3467380$3467537	05d0d842-db1a-463c-91eb-63cba3b23fba	2R_RaGOO	3467147	3468059
TC1-2_DM$3R_RaGOO$14406801$14407077	341001b5-e9a5-4209-9179-48c3fca77b10	3R_RaGOO	14406286	14407361
DMTOM1_LTR$X_RaGOO$11258002$11258389	aec4d5ba-940e-40f4-b470-d36993501c70	X_RaGOO	11258125	11258303
DIVER2_I$2R_RaGOO$4796553$4796987	874d12b6-9e23-44fc-a483-3c4e9a0faa4e	2R_RaGOO	4795923	4797613
DNAREP1_DM$2R_RaGOO$4454209$4455318	7341b167-687d-49fb-877a-229206abf6d8	2R_RaGOO	4454857	4458874
DMTOM1_LTR$X_RaGOO$11258002$11258389	60d4ece2-ba6f-4413-8a5c-89867b7a38ba	X_RaGOO	11258031	11258314
ACCORD2_I$4_RaGOO$315790$316010	4a8e37eb-0f41-4bec-8e35-00d9a0b87408	4_RaGOO	306776	316533
DNAREP1_DM$3R_RaGOO$3344216$3344533	690ae2ef-5c57-43cf-a469-c5516b3f23db	3R_RaGOO	3344180	3344375
ROO_I$X_RaGOO$9392443$9401685	c0775649-a3db-4215-a736-8c7194ca031f	X_RaGOO	9390662	9401692
TC1-2_DM$3R_RaGOO$14406801$14407077	fce3447a-cc31-430d-b773-071a3e66dcb4	3R_RaGOO	14406678	14407364
HMSBEAGLE_I$3R_RaGOO$17435842$17436040	9098c485-0086-4342-88fa-63498aee657b	3R_RaGOO	17434035	17436175
FB4_DM$4_RaGOO$769101$769563	04ae9259-4f89-461e-bcec-d9b2e8d6f64e	4_RaGOO	769238	771045
DNAREP1_DM$3L_RaGOO$19244612$19244797	2d829b3f-3f08-48f4-b40a-5d60d8a5d283	3L_RaGOO	19244434	19245490
DNAREP1_DM$2R_RaGOO$14950579$14950923	fb408d07-d443-4f1a-9c23-c5fd5289c393	2R_RaGOO	14949588	14951237
DMRT1B$X_RaGOO$18329002$18330754	15a59922-3055-4678-8c83-ba9e92a904b6	X_RaGOO	18329006	18330804
HMSBEAGLE_I$3R_RaGOO$17435842$17436040	1fb4e9f6-0a7f-42db-9217-e4a5c2c907a4	3R_RaGOO	17434040	17436177
PROTOP_B$2L_RaGOO$22342065$22342964	6860a3f7-5869-4dde-8987-7f3adbd4e502	2L_RaGOO	22341002	22342548
BURDOCK_LTR$2L_RaGOO$4499214$4501787	a2d57eed-a045-429d-b3c7-35c22333a8f0	2L_RaGOO	4499064	4503108
DNAREP1_DM$3R_RaGOO$3344216$3344533	33ab203e-e931-4f84-8ac1-c5bfbc4ea875	3R_RaGOO	3344115	3344399
HMSBEAGLE_I$2R_RaGOO$6690707$6691317	1d18c60c-6918-4d8c-9dbc-03c3d0f0207d	2R_RaGOO	6690776	6694030
DNAREP1_DM$2R_RaGOO$4741135$4742020	b1638da3-a5e1-46ae-bb92-9bf569c01479	2R_RaGOO	4741094	4741326
DMTOM1_LTR$X_RaGOO$11258002$11258389	2492f6e0-8e49-4299-aebf-b87da54f349d	X_RaGOO	11257145	11258303
ROO_I$X_RaGOO$12386287$12386489	953c66f6-6123-4b55-bcfb-157f3ec917e7	X_RaGOO	12386101	12397565
DNAREP1_DM$2R_RaGOO$1209819$1210327	0ec9ccb0-f1cf-4aff-b36a-c145400a429f	2R_RaGOO	1210114	1211068
TC1-2_DM$3R_RaGOO$14406801$14407077	5e1debcd-01d2-49e4-9f12-1b8bf0076bbc	3R_RaGOO	14406239	14407364
DNAREP1_DM$2L_RaGOO$21664116$21664701	b349e2d3-17b7-4a34-9982-dff14e7e725c	2L_RaGOO	21664182	21664431
POGO$2R_RaGOO$7201268$7202754	91bc4088-f509-458f-9cd6-d05fca308caf	2R_RaGOO	7201343	7202758
DNAREP1_DM$4_RaGOO$1257458$1258619	9b1042f8-f926-4413-ac1a-70582f603bf5	4_RaGOO	1258323	1262746
HMSBEAGLE_I$2R_RaGOO$6690707$6691317	c3b9fde5-2cdf-4ea2-bf0e-9b329577d442	2R_RaGOO	6690314	6694077
ROO_I$3L_RaGOO$9578823$9579066	fb866ea8-5941-4512-b590-ccb027136e76	3L_RaGOO	9578617	9580097
DNAREP1_DM$4_RaGOO$1225939$1226317	dfe35832-f162-4e0b-b354-89bcbd2f3545	4_RaGOO	1223788	1226515
TC1-2_DM$3R_RaGOO$14406801$14407077	a20da4b2-adea-4ea0-87e6-56ef7316294d	3R_RaGOO	14406676	14407364
DNAREP1_DM$3L_RaGOO$23776999$23777370	740fcec2-d8fd-4399-af04-b3fd83431c70	3L_RaGOO	23774666	23777301
FB4_DM$4_RaGOO$769101$769563	0a555b76-91b7-4001-9104-fbe53efec9e5	4_RaGOO	769247	771049
POGO$X_RaGOO$21863530$21864880	d84fd8d1-e885-480a-aea5-83fc00ec89ea	X_RaGOO	21863130	21864600
POGO$2R_RaGOO$7201268$7202754	7a8e6c58-44fd-4848-a4ca-1c2bbdebead3	2R_RaGOO	7201386	7202758
DIVER2_I$2R_RaGOO$4796553$4796987	11538728-740b-436b-941c-761b016c7150	2R_RaGOO	4795896	4797307
ROO_I$X_RaGOO$8989745$8989983	dc8d8e71-a2b0-427c-9f2c-80e3acf8eca8	X_RaGOO	8989648	8989821
TC1_DM$4_RaGOO$940438$941276	0224f084-098c-40b9-916c-e9f93a9d6953	4_RaGOO	941014	941856
ROO_I$3L_RaGOO$7744557$7749643	4e46eb03-43c7-4a03-a227-266a4583d4de	3L_RaGOO	7743940	7745298
STALKER4_I$3L_RaGOO$24763436$24771080	6244d214-c62d-4111-b0a3-e18d1d673777	3L_RaGOO	24747833	24903658
DOC3_DM$2R_RaGOO$860527$861391	c16a2299-caa0-4797-b895-180a67acc341	2R_RaGOO	860613	861392
DNAREP1_DM$4_RaGOO$1225939$1226317	ed13b8e8-4d67-44aa-8847-59c78b14c83a	4_RaGOO	1223783	1226505
FB4_DM$4_RaGOO$769101$769563	6bd87be5-faba-440d-bc45-1ff4fb0061c0	4_RaGOO	769235	770146
Invader3_I$3L_RaGOO$26074788$26078600	7a08276f-13f7-47fb-b7e8-5214cf20bc57	3L_RaGOO	26047920	26077354
HMSBEAGLE_I$3R_RaGOO$17435842$17436040	cb2c6936-f2dc-4e8a-917d-bc89a9a91e7d	3R_RaGOO	17433955	17435891
TART_B1$2L_RaGOO$11928093$11928246	f36d8fee-c02a-4f78-b65c-8c70e5a7dee5	2L_RaGOO	11927780	11928390
ROO_I$3L_RaGOO$15920149$15920462	b0cabd13-a0d0-4693-8ca0-c0a2166e8440	3L_RaGOO	15917851	15921530
DIVER2_I$2R_RaGOO$4218738$4223733	8714b521-0294-4bd1-b665-f99965672dde	2R_RaGOO	4217312	4226607
DOC2_DM$4_RaGOO$1247204$1247467	fbbdd52e-d22a-492d-abe0-a68324f7dda1	4_RaGOO	1246636	1248037
BURDOCK_LTR$2L_RaGOO$4499214$4501787	186ecbc6-70c4-4974-a73f-54fac6ee02db	2L_RaGOO	4499062	4502940
DMTOM1_LTR$X_RaGOO$11258002$11258389	f3c88677-82c5-433b-88c8-234ec415f3e5	X_RaGOO	11256891	11258308
DNAREP1_DM$3L_RaGOO$9326561$9326959	a4a2b070-f06c-4669-bbfc-3df6f1152ed4	3L_RaGOO	9326808	9327658
POGO$2R_RaGOO$7201268$7202754	6fbcce7b-c95f-4208-8904-02aea6b00a9b	2R_RaGOO	7201344	7202762
HMSBEAGLE_I$3R_RaGOO$17435842$17436040	65d60b65-0622-4820-a176-9b532eef92a0	3R_RaGOO	17433965	17435998
ROO_I$X_RaGOO$11535263$11535488	3d14aae8-fa2d-46d9-987a-6e71c9f2998f	X_RaGOO	11534369	11536214
DMTOM1_LTR$X_RaGOO$11258002$11258389	6b4912bf-6cf0-48ec-8f5c-7628a34a42af	X_RaGOO	11257513	11258311
DNAREP1_DM$2R_RaGOO$1818747$1818920	ecf096dd-ae6b-44a3-b6b0-bf45d74d7f51	2R_RaGOO	1818804	1819518
HMSBEAGLE_I$3R_RaGOO$17435842$17436040	a06bc351-ff23-454e-9afb-7aeaa9084cb8	3R_RaGOO	17433943	17436199
DM297_LTR$2R_RaGOO$941466$951464	ba4b5ee6-7ebf-4bb0-b930-137dcefbb45a	2R_RaGOO	930529	950901
ROO_I$3R_RaGOO$12957465$12959168	07dd9d28-c258-473a-b758-b07c0c515a28	3R_RaGOO	12958685	12959969
ROO_I$2R_RaGOO$13238874$13250807	24a35422-da68-4c6d-8c89-8dde35ff37f0	2R_RaGOO	13238794	13240289
ROO_I$3L_RaGOO$15920149$15920462	9ec44730-9bca-4a18-aec7-15433f72d30e	3L_RaGOO	15917802	15921660
DNAREP1_DM$2R_RaGOO$4741135$4742020	15817bb0-9cad-4e37-8d37-86da66cbf75e	2R_RaGOO	4741420	4742928
DNAREP1_DM$4_RaGOO$456468$456655	1191dd0a-9f27-400d-9291-0ad46b9a3186	4_RaGOO	455908	457041
DMTOM1_LTR$X_RaGOO$11258002$11258389	5d4f8ff7-e36c-480b-ba20-1b44b79d8cc1	X_RaGOO	11257316	11258318
ROO_I$3R_RaGOO$4535898$4536384	bac31ea7-9262-4f8d-9bdb-c3fa254301f5	3R_RaGOO	4536318	4537391
DMTOM1_LTR$X_RaGOO$11258002$11258389	828299d7-7675-4f4c-b645-37dbd88dc3dd	X_RaGOO	11257228	11258314
ROO_I$2L_RaGOO$12458755$12461676	82b693a6-9e1e-4145-ae68-e1fc2e601168	2L_RaGOO	12460912	12461699
TC1-2_DM$4_RaGOO$958695$960140	054511d4-79fd-47c8-8ee0-c9cca65dbb03	4_RaGOO	958929	959706
DIVER2_I$2R_RaGOO$4796553$4796987	42b2abe7-a320-44c9-a364-ee767c2636f0	2R_RaGOO	4795854	4797291
ROO_I$3R_RaGOO$12957465$12959168	8f743898-12ab-4b94-9a11-0f5be2e5fc63	3R_RaGOO	12958905	12959210
Gypsy12A_LTR$3R_RaGOO$4189057$4190301	a4dfdf5d-a198-4fd6-a353-d11a9e0fb601	3R_RaGOO	4188445	4190106
ROO_I$3R_RaGOO$7254591$7254776	91a28ceb-9191-44df-8d1f-9c26108689a5	3R_RaGOO	7252144	7255092
ROO_I$3L_RaGOO$8340652$8340832	fc3287a8-aaaa-49ba-ba79-13bd97917e78	3L_RaGOO	8340085	8341648
DNAREP1_DM$3L_RaGOO$19244612$19244797	324ca35d-eff8-478b-8e20-ec6308fbc707	3L_RaGOO	19244434	19245209
POGO$2R_RaGOO$7201268$7202754	13f47350-32b9-4064-a7a8-d286516b0b33	2R_RaGOO	7201350	7202758
DNAREP1_DM$4_RaGOO$791161$791358	65de9a18-f668-4a62-a8bf-6ce9ad8da846	4_RaGOO	789960	791187
DNAREP1_DM$2R_RaGOO$1329158$1329390	8dc39a49-3576-4600-8e7d-ef69d79266ec	2R_RaGOO	1328542	1330695
TRANSIB3$4_RaGOO$892038$893004	5e458361-b1bf-4866-bf5f-7a4428fc6de2	4_RaGOO	892824	893731
ROO_I$3L_RaGOO$19597644$19598396	bd0d6f32-441e-411a-a20a-28ede3bbf500	3L_RaGOO	19594795	19597765
S2_DM$X_RaGOO$21341507$21342141	78481155-ca5a-4e41-bcb1-19feb6c41c68	X_RaGOO	21340512	21341721
TC1-2_DM$3R_RaGOO$14406801$14407077	40641e6a-8753-44c0-b5d6-b492cef3c576	3R_RaGOO	14406686	14407362
TRANSIB4$2R_RaGOO$3449234$3450035	650c7e80-61c4-4eef-af11-65fccaa4b2be	2R_RaGOO	3425066	3449974
TC1-2_DM$3R_RaGOO$14406801$14407077	509cf95b-11b0-4023-9c4a-b93300e4a0aa	3R_RaGOO	14406708	14407358
R1_DM$X_RaGOO$21996524$22001556	60359a6d-8768-4d9a-85db-f17a87ff623f	X_RaGOO	21997863	22001589
ROO_I$3L_RaGOO$19597644$19598396	4fde51f7-62a0-476e-a8e6-ac9c0bc4c91e	3L_RaGOO	19596951	19597780
ACCORD2_I$4_RaGOO$315790$316010	f3c76998-d67e-4b78-a38d-8d247f28d688	4_RaGOO	306763	316525
DNAREP1_DM$3R_RaGOO$3344216$3344533	a2213385-6a86-4e82-a573-9ee4130f49a5	3R_RaGOO	3344147	3344399
ROO_I$2R_RaGOO$13238874$13250807	86b6fcb1-30f4-4aae-ba5e-02afe69a8df8	2R_RaGOO	13238271	13240288
PROTOP_B$2L_RaGOO$22342065$22342964	99a15c9f-94c0-42e7-a2e1-2136f8b52a5a	2L_RaGOO	22340844	22342548
ROO_I$3R_RaGOO$12957465$12959168	4f9d48fb-3f22-4d47-9ab3-268bf69d2440	3R_RaGOO	12957466	12959800
DNAREP1_DM$2R_RaGOO$4139223$4139651	71b8e4f7-ba95-4c38-9368-f7c8a6b1515a	2R_RaGOO	4139058	4139277
DNAREP1_DM$2L_RaGOO$17714927$17715395	5cf1ffe1-51c1-47be-be1c-54d93eb892a2	2L_RaGOO	17715028	17716164
POGO$2R_RaGOO$7201268$7202754	7c7e0811-d260-498f-93ee-61576b6429a4	2R_RaGOO	7201342	7202758
DNAREP1_DM$2R_RaGOO$1329158$1329390	74cc6d4c-3d51-40cb-8c9f-1ceb957be105	2R_RaGOO	1328538	1329962
FB4_DM$3L_RaGOO$26073601$26074069	fa3601c2-6af6-4ae0-b142-1e6a4a2d2798	3L_RaGOO	26073183	26074343
DMTOM1_LTR$X_RaGOO$11258002$11258389	9575bc66-dfdc-4d0f-a039-549b2c9fc350	X_RaGOO	11257200	11258301
NINJA_I$2R_RaGOO$2183487$2183644	0f1551f4-d50d-4e45-8d24-e45cdd12c760	2R_RaGOO	2183300	2185871
FB4_DM$2R_RaGOO$4706797$4707930	037046db-5b40-4165-9733-d0e1f83a966e	2R_RaGOO	4705400	4706970
TC1-2_DM$3R_RaGOO$14406801$14407077	0dc37783-0589-4469-8417-2a9fb0119c52	3R_RaGOO	14406688	14407364
DMTOM1_LTR$X_RaGOO$11258002$11258389	4e506f64-f52d-448e-9455-a2539ac926de	X_RaGOO	11257985	11258318
POGO$2R_RaGOO$7201268$7202754	31fcc92b-aafd-42fc-9d94-15238d0176d8	2R_RaGOO	7201343	7202758
DNAREP1_DM$4_RaGOO$456468$456655	11536ff2-45d3-4952-b5e1-43c8dd3f82a1	4_RaGOO	455901	457061
DNAREP1_DM$4_RaGOO$951339$951813	8a099254-5150-40c0-8658-0613e3a24202	4_RaGOO	951192	952809
DIVER2_I$2R_RaGOO$4218738$4223733	e50483fb-dc98-4c1c-8e9a-2bdba8d1ab7b	2R_RaGOO	4201297	4226612
TC1_DM$4_RaGOO$767572$768879	4644cb59-1f42-4ff8-9407-cf0befd87dd3	4_RaGOO	767607	771024
ACCORD2_I$4_RaGOO$315790$316010	703a6e01-a199-46c7-aceb-fb9435c35450	4_RaGOO	308262	316525
ROO_I$3L_RaGOO$19597644$19598396	621e85de-2f40-4499-82cd-b292497f150b	3L_RaGOO	19597390	19597813
DNAREP1_DM$2R_RaGOO$4234578$4234940	2602dd31-d8fb-4d67-ab05-769e331176c5	2R_RaGOO	4234656	4235625
ROO_I$2R_RaGOO$10095311$10095825	75583737-5042-4cdd-aead-1fb2b71df29f	2R_RaGOO	10095284	10096351
ROO_I$3L_RaGOO$19597644$19598396	d2a9739f-ef12-4385-a00c-5b0c473c119b	3L_RaGOO	19597125	19597795
ROO_I$3L_RaGOO$9578823$9579066	b0f90390-0077-4231-aba0-261fbd7c8354	3L_RaGOO	9578509	9580231
FB4_DM$3R_RaGOO$3718876$3720017	b64e2b4e-3dda-42da-8477-54e0ae61eea7	3R_RaGOO	3716636	3719069
TRANSIB3$4_RaGOO$892038$893004	52307428-8cc4-44a6-ab1c-822045254f6d	4_RaGOO	892795	893812
ZAM_I$2L_RaGOO$21996184$22001667	ef732f69-c3b7-4451-b6ae-1b33535e8cd2	2L_RaGOO	21996651	22007248
ACCORD_LTR$2R_RaGOO$10965448$10972654	b4aa9ce0-60dc-47b4-ad2f-e47fbc0dbb67	2R_RaGOO	10963058	10989120
ROO_I$X_RaGOO$8989745$8989983	896a24b3-f173-41c3-9db8-cce827208a2f	X_RaGOO	8989170	8990473
DMTOM1_LTR$X_RaGOO$11258002$11258389	f01f5d1d-da0e-4aa5-b0ab-865950afcc6c	X_RaGOO	11257344	11258294
POGO$2R_RaGOO$7201268$7202754	59f3c59c-72fb-4b2d-904a-675333f1d773	2R_RaGOO	7201343	7202770
ROO_I$X_RaGOO$11535263$11535488	6d494f7b-781f-4204-b753-cdbd748df235	X_RaGOO	11533935	11535743
POGO$2L_RaGOO$2955877$2958004	6bf61218-eef4-4ea7-9c36-33ac55bed57e	2L_RaGOO	2955959	2958007
ACCORD2_I$4_RaGOO$315790$316010	0f647a15-aae3-4b8e-8a09-8487ac52eba8	4_RaGOO	308262	316525
DNAREP1_DM$2R_RaGOO$4139223$4139651	f01fb48b-df41-4f14-a1bf-3d4200cf5569	2R_RaGOO	4138131	4139311
MDG1_LTR$2L_RaGOO$1126248$1133534	7b8014cd-b964-4e17-93c8-d52349be60cc	2L_RaGOO	1116114	1133026
ROO_I$X_RaGOO$12386287$12386489	6951023b-d915-4e54-b4e1-59c09fdb6cd8	X_RaGOO	12386050	12397557
DNAREP1_DM$3L_RaGOO$19244612$19244797	3c65859f-16f8-4299-92ca-06e3c5d20458	3L_RaGOO	19244433	19245051
FB4_DM$4_RaGOO$769101$769563	57f070fc-5845-4305-aa84-a6093c43027f	4_RaGOO	769347	771005
DNAREP1_DM$3L_RaGOO$23511376$23511693	30d05693-5c53-403d-bb6b-1c78a2879a9a	3L_RaGOO	23510705	23512160
HMSBEAGLE_I$3R_RaGOO$17435842$17436040	1f37806c-a018-408d-bd29-88d94df58487	3R_RaGOO	17434001	17435924
POGO$2R_RaGOO$7201268$7202754	da25fb55-5250-4612-b242-56bbb60475e4	2R_RaGOO	7201343	7202765
ROO_I$3R_RaGOO$19812762$19812920	216dc9f0-30c6-4c52-9aba-7b7e3895c5ae	3R_RaGOO	19812111	19813551
HMSBEAGLE_I$3R_RaGOO$17435842$17436040	c1afb8ac-6b29-4936-a17b-fd29519069d7	3R_RaGOO	17434003	17436199
FB4_DM$4_RaGOO$769101$769563	08f95566-3aaf-4c61-929f-edd3e754f105	4_RaGOO	769238	770345
ACCORD_LTR$2R_RaGOO$10965448$10972654	f2559f5d-23b3-425e-bf75-a035903020e8	2R_RaGOO	10963046	10989115
DMTOM1_LTR$X_RaGOO$11258002$11258389	af51f3d9-380b-4656-aedf-ef99c7a248cf	X_RaGOO	11256620	11258303
DNAREP1_DM$4_RaGOO$931398$931752	dd0c18af-0c21-499b-babe-d7d66251dbba	4_RaGOO	928567	931614
ROO_I$3L_RaGOO$3082246$3082404	0e0de4cb-2859-4720-86ee-9cd2ce76075c	3L_RaGOO	3081312	3082494
DNAREP1_DM$3L_RaGOO$9326561$9326959	fe932bfe-3292-4025-b2d3-b7d9add219c5	3L_RaGOO	9326912	9327150
ROO_I$3L_RaGOO$19597644$19598396	c9df8dcc-3728-4614-b3ed-3ac1f067e0c3	3L_RaGOO	19596840	19597967
DIVER2_I$2R_RaGOO$4218738$4223733	254cb264-8aff-4426-b129-6eddab5843fc	2R_RaGOO	4217307	4226608
DNAREP1_DM$X_RaGOO$18357502$18357930	af5af89d-2872-445f-9dc1-cf336872daba	X_RaGOO	18357788	18359193
DNAREP1_DM$2R_RaGOO$5153634$5154002	77ea00a8-dfa8-4fc3-bbbc-23f5e3253999	2R_RaGOO	5153879	5158708
TC1-2_DM$3R_RaGOO$14406801$14407077	9d75757a-7a2a-4e65-a7df-d257b593ac52	3R_RaGOO	14406240	14407337
Gypsy6_I$2R_RaGOO$972110$979166	0e726b32-f9e0-4ab6-8921-95762f070585	2R_RaGOO	954580	978201
ROO_I$2R_RaGOO$6652153$6652308	112b9763-cc7c-4300-a6b4-cd275275922d	2R_RaGOO	6650474	6652376
DNAREP1_DM$4_RaGOO$653922$654117	6cb9b2bb-6e2a-423c-bc7a-18ec04c048cb	4_RaGOO	653881	657646
Gypsy5_I$3L_RaGOO$22759439$22770611	e2932ce5-5fe9-4af1-bbb5-06baa46cedaa	3L_RaGOO	22705493	22770264
ACCORD_LTR$2R_RaGOO$10965448$10972654	408c6faa-8014-4816-9fad-ee7f9467e235	2R_RaGOO	10963025	10989121
HMSBEAGLE_I$3R_RaGOO$17435842$17436040	8ef54471-7a88-4ec9-98d6-9b82a2128dc3	3R_RaGOO	17433298	17435894
TC1_DM$2R_RaGOO$7002450$7002854	9800264b-fd4d-41ca-9598-d39a09f6f045	2R_RaGOO	7001787	7003292
FB4_DM$4_RaGOO$456811$457356	f817d6da-83a6-4bfd-8bfa-426b730543f1	4_RaGOO	455915	457439
ROO_I$2R_RaGOO$13238874$13250807	01ed96ba-803d-4dfc-944d-3182a9d25ab0	2R_RaGOO	13238336	13240281
HMSBEAGLE_I$3R_RaGOO$17435842$17436040	1c646e87-7d35-4d3b-8056-e644199ed292	3R_RaGOO	17433943	17436199
DNAREP1_DM$2R_RaGOO$4454209$4455318	4e956d5b-b537-4f0f-9511-7bff99160b5e	2R_RaGOO	4445947	4458871
DNAREP1_DM$4_RaGOO$985458$985699	6a2c1f6d-0548-4c25-b1eb-81e18711e217	4_RaGOO	985614	986630
DNAREP1_DM$2L_RaGOO$17714927$17715395	e863e218-d8fd-4136-af1f-6615a2175406	2L_RaGOO	17713553	17716164
DMTOM1_LTR$X_RaGOO$11258002$11258389	8b73e703-202d-4b14-83b8-980e4635173f	X_RaGOO	11258075	11258308
ROO_I$2R_RaGOO$13238874$13250807	567c2ffb-2d2b-4df4-85a3-8060cbc5c65c	2R_RaGOO	13238576	13240290
ACCORD2_I$4_RaGOO$315790$316010	4af51f83-c59f-4ae1-89ad-1761f9656070	4_RaGOO	306812	316525
DNAREP1_DM$4_RaGOO$456468$456655	6910515a-06fc-48ec-a7e5-bb5118db5082	4_RaGOO	455854	457047
DNAREP1_DM$4_RaGOO$456468$456655	6cb7c850-b524-45fe-86d7-6a9feebf63ba	4_RaGOO	455907	457061
TC1-2_DM$2L_RaGOO$22554880$22555551	b58b06ae-5540-4f27-a558-ca008356102e	2L_RaGOO	22554344	22557004
POGO$2R_RaGOO$7201268$7202754	34abc9a6-4549-481b-a358-798808cd67af	2R_RaGOO	7201344	7202758
TC1-2_DM$3R_RaGOO$14406801$14407077	84d4a2bd-9f7a-42e6-8cb4-c5075a8a9fb2	3R_RaGOO	14406682	14407364
R1_DM$X_RaGOO$21996524$22001556	e0907cad-e22a-4c9b-9814-549c86d9b53d	X_RaGOO	21997906	22001563
DMTOM1_LTR$X_RaGOO$11258002$11258389	b60b588c-8ab2-4048-af5d-8d4ae9741d0f	X_RaGOO	11258112	11258314
DNAREP1_DM$X_RaGOO$18716538$18717216	d90c566c-8ce4-40be-a35c-b3478ed23813	X_RaGOO	18717131	18717446
G5A_DM$X_RaGOO$19190497$19191112	563b344b-6643-4ee8-8c32-a40ef810e024	X_RaGOO	19189884	19191141
TRANSIB4$2R_RaGOO$3404993$3406786	53794eac-8c04-4ddd-8f83-9b64c31972dd	2R_RaGOO	3405282	3425383
HMSBEAGLE_I$3R_RaGOO$17435842$17436040	df2c141a-8d05-4bd1-8345-120e9ee0a284	3R_RaGOO	17434119	17436188
IDEFIX_LTR$2L_RaGOO$22302016$22302377	3b45ae43-b031-45b9-954a-ee5179994ccb	2L_RaGOO	22301654	22302463
PROTOP_B$2L_RaGOO$22342065$22342964	3323afd0-53de-450e-a25b-e4918ea4f418	2L_RaGOO	22340875	22342330
DMRT1C$2R_RaGOO$2166484$2176140	c12b0505-69c9-4d7e-9d7d-9542f4ecc35c	2R_RaGOO	2153547	2174775
ROO_I$2R_RaGOO$13238874$13250807	c2c5356c-1fbb-4035-9b13-a83992f2f876	2R_RaGOO	13238419	13240289
ACCORD2_I$4_RaGOO$315790$316010	9c28beb6-26e0-4132-b87f-17249da06709	4_RaGOO	306812	316525
DNAREP1_DM$3L_RaGOO$9326561$9326959	966e89ad-e2df-4f10-afe7-82ddd20ce403	3L_RaGOO	9326915	9327301
HMSBEAGLE_I$2R_RaGOO$6690707$6691317	3f5124f3-f84f-49da-b635-6b59db667b7a	2R_RaGOO	6691237	6694068
ACCORD2_I$4_RaGOO$315790$316010	244cfdfa-5f74-432d-bc61-8aa8da54a7c7	4_RaGOO	308262	316526
ROO_I$2R_RaGOO$13238874$13250807	04e9e50b-c617-4b94-bb63-ee3beb705ecc	2R_RaGOO	13238778	13240289
ROO_I$3L_RaGOO$19597644$19598396	0a8df5db-d42d-4979-b699-fc2d2a0c8d8e	3L_RaGOO	19596838	19597794
LINEJ1_DM$2R_RaGOO$12357739$12358093	7dec8329-a79a-4c6b-835f-90e1167e1c8b	2R_RaGOO	12357422	12358089
DIVER2_I$2R_RaGOO$4218738$4223733	d5f7795d-aca8-4fdb-9deb-0ba7d7906bc1	2R_RaGOO	4217307	4226597
ACCORD2_I$4_RaGOO$315790$316010	38481d6d-3d14-49f9-8f90-a301a254fe41	4_RaGOO	306795	316509
DIVER2_I$2L_RaGOO$22121484$22124705	7be23b27-2b0a-41d8-b53f-d05bc530cc9c	2L_RaGOO	22069316	22136663
PROTOP_A$X_RaGOO$12424177$12424822	65508373-c788-4665-9687-4793f07624f9	X_RaGOO	12423190	12424296
ROO_I$2R_RaGOO$14213942$14227652	51bf750d-19c2-4300-a31c-d07adf6c1ec7	2R_RaGOO	14211138	14254650
DNAREP1_DM$3R_RaGOO$3686735$3687895	1028d0a5-6298-4170-ab3f-63be2282ccbc	3R_RaGOO	3687296	3687920
DNAREP1_DM$3L_RaGOO$19244612$19244797	cd0ab9b6-7785-45b2-81f5-49c7e629bcb1	3L_RaGOO	19244686	19245446
POGO$3L_RaGOO$9733928$9735150	44b1640f-6bef-4f52-a510-b95654b9027e	3L_RaGOO	9733211	9734072
FB4_DM$4_RaGOO$456811$457356	bb341739-7feb-4551-ae1b-3d0a1a6b35bd	4_RaGOO	455919	457439
PROTOP$3L_RaGOO$26068646$26074787	67663b74-f376-4228-8426-597fb277b26c	3L_RaGOO	26059782	26074350
ACCORD_LTR$2R_RaGOO$10965448$10972654	b2773fd0-a181-4638-9f3e-9f56460fc68d	2R_RaGOO	10963016	10989119
STALKER4_LTR$2R_RaGOO$3528328$3528676	0428de54-5ff8-44b8-8d05-d7f96596ad7a	2R_RaGOO	3527799	3528397
PROTOP_B$2L_RaGOO$22342065$22342964	2bf9f7b8-2be7-45ff-94e1-36633ef02542	2L_RaGOO	22340943	22342599
DNAREP1_DM$4_RaGOO$827289$827884	81d4f6c0-6b20-4735-9210-dfe6ca6f5ba3	4_RaGOO	826971	827829
ROO_I$3L_RaGOO$19597644$19598396	5256aceb-3491-4cc8-8681-8eb6b81bf9de	3L_RaGOO	19596844	19597794
Invader2_I$2R_RaGOO$1485470$1490053	e4c014cb-e95d-4e78-96df-254cc7f95e61	2R_RaGOO	1484141	1489958
HMSBEAGLE_I$3R_RaGOO$17435842$17436040	1c432510-2b30-4287-a545-50f1f7d84b73	3R_RaGOO	17433943	17436221
ROO_I$2R_RaGOO$13238874$13250807	0822369f-330a-4b68-9eee-ca81b827a0a2	2R_RaGOO	13238148	13240287
DNAREP1_DM$2R_RaGOO$4454209$4455318	87c43eda-3971-40b7-9108-7bae4189f6fc	2R_RaGOO	4445702	4458757
DMTOM1_LTR$X_RaGOO$11258002$11258389	3e53f361-73d9-4b63-b3ae-2db2d4fc9cea	X_RaGOO	11256677	11258311
DNAREP1_DM$2L_RaGOO$17714927$17715395	fddaf8ab-5941-4a1d-ba95-3093c8576fa2	2L_RaGOO	17714561	17716164
ROO_I$3L_RaGOO$19597644$19598396	705719d4-da69-46c7-b745-e144baaba7d1	3L_RaGOO	19596845	19597799
DNAREP1_DM$3L_RaGOO$9326561$9326959	8e639ea1-9001-4dd0-9b9c-745e603c8afe	3L_RaGOO	9326913	9327516
FB4_DM$4_RaGOO$769101$769563	11757bbc-c717-4ee8-aaa3-7ec9c1135b32	4_RaGOO	769235	771018
ACCORD_LTR$2R_RaGOO$10965448$10972654	3ddf86dc-9e0a-4955-84b2-2c19a7b4fc9a	2R_RaGOO	10963037	10989065
ACCORD_LTR$2R_RaGOO$10965448$10972654	df6b68ed-bdb4-4347-bd9d-d03c7b7085f8	2R_RaGOO	10963063	10989121
ACCORD_LTR$2R_RaGOO$10965448$10972654	fb30e1ae-1003-4a74-8532-a05cac822973	2R_RaGOO	10963041	10989114
DNAREP1_DM$3L_RaGOO$23776999$23777370	2f9b32ae-e3f5-4b84-9686-0b3bfa70d89a	3L_RaGOO	23774568	23777135
DMTOM1_LTR$X_RaGOO$11258002$11258389	0532d867-65e5-4f32-b1ed-c9f4ccb69070	X_RaGOO	11256940	11258303
HMSBEAGLE_I$X_RaGOO$4481038$4481298	128067c9-6222-4cb2-98b3-e76730a26772	X_RaGOO	4480877	4484468
DNAREP1_DM$2L_RaGOO$21209804$21210297	63846d31-100f-4900-9d2a-8cadd354fc76	2L_RaGOO	21208815	21212530
DNAREP1_DM$3L_RaGOO$19244612$19244797	251c35e1-57d2-462d-9f03-b0ac9666dae9	3L_RaGOO	19244439	19245036
ACCORD_LTR$2R_RaGOO$10965448$10972654	4dc50885-d150-42f0-b1bd-86da7839f2f3	2R_RaGOO	10963037	10989236
ACCORD_LTR$2R_RaGOO$10965448$10972654	e8ea56ca-335c-4ee1-bb07-65aa292d208e	2R_RaGOO	10963046	10989123
HMSBEAGLE_I$3R_RaGOO$17435842$17436040	99c723c2-32fb-44a9-9c6d-5e6d151cb73d	3R_RaGOO	17435561	17435914
TC1-2_DM$3R_RaGOO$14406801$14407077	d93238a9-1239-4f42-96cd-3a828deb794a	3R_RaGOO	14406730	14407364
ROO_I$3R_RaGOO$12957465$12959168	b9aec886-4e62-4a69-981d-50f23626c3cb	3R_RaGOO	12957305	12959924
DIVER2_I$2R_RaGOO$1959234$1966374	f0cab6b2-7734-4523-b427-306f630b2543	2R_RaGOO	1964895	1980652
DNAREP1_DM$2R_RaGOO$1818747$1818920	a9c8ffef-e39d-4ae9-ab50-fd0812709168	2R_RaGOO	1818766	1819522
DNAREP1_DM$2R_RaGOO$3424288$3424450	2c615ba3-cdbf-4648-8e79-21d84521cb59	2R_RaGOO	3424418	3424702
DNAREP1_DM$4_RaGOO$456468$456655	00331924-0cb7-4180-a59d-dd1231996d4a	4_RaGOO	455832	457061
TART_B1$2L_RaGOO$11931931$11932156	f36d8fee-c02a-4f78-b65c-8c70e5a7dee5	2L_RaGOO	11931699	11932300
G3_DM$2R_RaGOO$4046575$4047065	9118f5e9-39a1-455b-bf02-61c8dfaa8186	2R_RaGOO	4045801	4103297
HMSBEAGLE_I$3R_RaGOO$17435842$17436040	6aa59df7-cc8e-479c-80f7-bfd8a5f734de	3R_RaGOO	17434050	17436139
TC1-2_DM$3R_RaGOO$14406801$14407077	3dc93617-3b9d-4d39-ad1e-483a32a4084b	3R_RaGOO	14406688	14407364
ROO_I$2R_RaGOO$13238874$13250807	0b0520b9-777e-4d10-8492-b9aabe068db5	2R_RaGOO	13239078	13240289
PROTOP$4_RaGOO$458337$458668	4443a038-6e64-41ca-b8dc-b6b0effc3d25	4_RaGOO	458464	459570
FB4_DM$4_RaGOO$769101$769563	c59974d3-ed47-4c6e-a9be-3f7e862359b7	4_RaGOO	769238	770964
PROTOP_B$2L_RaGOO$22342065$22342964	e25781ae-056e-46c9-8397-fa414345cbac	2L_RaGOO	22341098	22342166
DIVER2_I$2L_RaGOO$22121484$22124705	7005c47c-a2b4-4f0c-b1fd-511a7ba177cd	2L_RaGOO	22069316	22136427
ROO_I$3L_RaGOO$19597644$19598396	fb7149f2-db1d-4ebe-b6c8-6fd0f894e5cc	3L_RaGOO	19596871	19597791
POGO$2R_RaGOO$7201268$7202754	9fa558b7-fe01-4c12-b5cb-8e707114fb6e	2R_RaGOO	7201341	7202758
FB4_DM$4_RaGOO$769101$769563	b4544347-65ee-4446-83dc-7bd0e15db912	4_RaGOO	769236	771005
BATUMI_LTR$2R_RaGOO$3169212$3182879	658926ee-e67d-487f-ba0e-5ad9794f413f	2R_RaGOO	3136923	3176686
S_DM$2R_RaGOO$3387895$3389569	5733fa6f-2bff-41ef-ad5e-4fa37f26a611	2R_RaGOO	3388706	3390045
