DNAREP1_DM$2L_RaGOO$21685467$21685865	69c9e9ea-40ba-4f31-947e-1b03c003c07f	2L_RaGOO	21685819	21690634
G_DM$3L_RaGOO$22645435$22645864	fe1e69e7-9591-491c-b4e7-7a1596bfeb0c	3L_RaGOO	22645024	22645835
G_DM$3L_RaGOO$22645435$22645864	649c69e0-afa3-43fb-b9fd-07cfb08fa281	3L_RaGOO	22644745	22645821
DMRT1B$X_RaGOO$18329002$18330754	3ff402c8-86ca-4262-afe1-98f102c2c5af	X_RaGOO	18328966	18331149
DNAREP1_DM$2R_RaGOO$4909669$4909917	a6d84887-53d2-42ad-b80d-0c93bfa93cfc	2R_RaGOO	4909359	4909817
BEL_I$2R_RaGOO$2343602$2347767	53a1ff1a-8aab-431a-8a7a-3b941c03a340	2R_RaGOO	2337736	2345884
DNAREP1_DM$4_RaGOO$658454$659354	55d13194-758a-4fc8-a97f-43c563f67f06	4_RaGOO	657390	659530
Transib5$2R_RaGOO$1408809$1410193	f26926bd-7312-4b7e-b57f-ce95ceb86b9b	2R_RaGOO	1390724	1409838
DNAREP1_DM$4_RaGOO$1225939$1226317	b71bd06d-7134-40a1-a47d-7587ed17dc4b	4_RaGOO	1223754	1226510
Transib5$2R_RaGOO$1408809$1410193	e0f27774-db34-4684-835e-b2ed0566644d	2R_RaGOO	1390755	1409816
QUASIMODO_I$2R_RaGOO$3940692$3953437	dc71d5bd-f542-4eba-98f6-3ea3ed6d2932	2R_RaGOO	3944384	4004716
TRANSIB2$2R_RaGOO$1819719$1821473	c4212a4c-229d-4e95-9a73-7fa98a11df6f	2R_RaGOO	1818964	1820137
DNAREP1_DM$3R_RaGOO$5952853$5953133	9fa7e885-74fb-4a02-af80-c27c0dd8b97b	3R_RaGOO	5949795	5953336
DM176_LTR$3L_RaGOO$20033243$20040251	c94c570a-1119-46d2-af3e-4a8381b0a7e3	3L_RaGOO	20026757	20038458
DNAREP1_DM$3L_RaGOO$20907028$20907410	e08abb09-9bbd-4f03-b450-11091956481e	3L_RaGOO	20907292	20908361
DNAREP1_DM$3R_RaGOO$19536671$19536947	668ea62c-1790-4f9e-8547-56dd1c6a24cb	3R_RaGOO	19536464	19537021
ROOA_LTR$3L_RaGOO$23694979$23695331	fa2b7ec0-3523-4df4-a232-f5796fb07e51	3L_RaGOO	23694046	23695030
DMRT1C$2L_RaGOO$20262641$20264263	c982657c-fb0b-4a7e-9316-18c541dbcea3	2L_RaGOO	20262723	20266532
NOMAD_I$3R_RaGOO$3234768$3235032	169abad6-7ae9-4a2e-9f9e-e38e1cececb6	3R_RaGOO	3234547	3236562
DNAREP1_DM$2L_RaGOO$20881393$20881695	73c99d96-e562-4695-929f-c8158e6fa8e1	2L_RaGOO	20881553	20882301
BURDOCK_LTR$2L_RaGOO$4499214$4501787	dd4cf62d-5218-46ea-8594-44e79860d2a2	2L_RaGOO	4499175	4503097
DNAREP1_DM$3R_RaGOO$3804446$3804665	f62a8251-2a9d-4aaa-968d-5edf89b725e2	3R_RaGOO	3804480	3807442
DIVER2_I$2R_RaGOO$3973922$3976557	e7b95d1c-8819-439b-81d5-262ad8c04f43	2R_RaGOO	3921385	3974884
DNAREP1_DM$2R_RaGOO$4901613$4901964	f8edeb65-6091-4a31-b24a-b7b2c51f4638	2R_RaGOO	4901825	4905409
POGO$2R_RaGOO$7201268$7202754	01ccb1c1-b3c7-4978-bb56-d4a0b5b3d54d	2R_RaGOO	7201345	7202758
Gypsy8_I$2R_RaGOO$2534282$2536641	ac903d97-0e19-4e0e-9005-f09d0c793258	2R_RaGOO	2533327	2536234
BLASTOPIA_I$3L_RaGOO$24027370$24031886	39cc740c-e55f-43b4-ae99-b07b96ba56cc	3L_RaGOO	24029661	24035251
DNAREP1_DM$2R_RaGOO$3599892$3600422	410c0704-b48d-41ab-a99e-a720876f1323	2R_RaGOO	3599167	3600104
POGO$3L_RaGOO$9733928$9735150	425656ee-d9b2-4b16-bbda-87dc21cb5d4d	3L_RaGOO	9733196	9734072
ACCORD2_I$4_RaGOO$315790$316010	dfda4656-c1fb-4463-8bb1-184ac6b0623d	4_RaGOO	308262	316520
FB4_DM$4_RaGOO$769101$769563	2bd72a08-3b0e-46e4-b90a-f937440d7f8a	4_RaGOO	769241	771004
DMRT1B$X_RaGOO$18329002$18330754	21bf3181-7ef4-4359-9709-d0fb1c337ce1	X_RaGOO	18328998	18331160
FB4_DM$4_RaGOO$769101$769563	5e1492cd-7ad5-496f-8404-a0b144a4dde2	4_RaGOO	769318	770877
DOC6_DM$X_RaGOO$19194485$19198701	3309319f-a227-4999-a704-00463b816015	X_RaGOO	19197375	19200807
Jockey2$2R_RaGOO$1421956$1424225	37aa2eec-23ed-44a3-8a9d-edb1ac3bdc20	2R_RaGOO	1390707	1422901
DNAREP1_DM$2R_RaGOO$955037$955233	244ecf1e-30a7-405f-9dc5-dd0e9d2c1558	2R_RaGOO	953898	955283
G_DM$3L_RaGOO$22645435$22645864	0298ae83-1c5e-4ffe-94bf-845c8bbd42a9	3L_RaGOO	22644484	22645809
Gypsy12A_LTR$2R_RaGOO$1008118$1011100	f253ac2c-194c-4f1f-ad6b-a5603d90b661	2R_RaGOO	1008658	1028904
ACCORD_LTR$2R_RaGOO$10965448$10972654	b9a71e10-ba9b-4eaf-9195-07810160fc2e	2R_RaGOO	10962757	10989121
DMRT1C$X_RaGOO$19445618$19446856	bb786eb2-80fc-41b5-853e-e5bd6a04ae25	X_RaGOO	19444414	19446856
FB4_DM$4_RaGOO$769101$769563	1ab5cfd8-0d20-4999-839b-d7d9abdcc264	4_RaGOO	769238	770801
DMRT1B$2R_RaGOO$4307312$4314886	9b391d6c-7b50-41e5-b9bc-d6ffc153b91c	2R_RaGOO	4297643	4315436
DNAREP1_DM$4_RaGOO$1186332$1186735	16dcb55b-3a74-4745-be5c-3f134570b06e	4_RaGOO	1186484	1188297
DNAREP1_DM$2R_RaGOO$3593359$3593566	f189085b-85e9-4bdb-bb83-f9bbc83cacd9	2R_RaGOO	3593221	3599011
BLASTOPIA_I$3L_RaGOO$24027370$24031886	863fd1b6-c813-412f-90d8-6f92e931df7f	3L_RaGOO	24029485	24035244
DNAREP1_DM$4_RaGOO$653922$654117	0c66d7ff-5c60-49d3-ab85-a7ea541011ff	4_RaGOO	653366	654499
DNAREP1_DM$3R_RaGOO$5952853$5953133	c795100a-c388-48c2-bed6-dff46efad670	3R_RaGOO	5949746	5953334
DMCR1A$X_RaGOO$21903539$21904054	bf526052-ac63-4970-834b-f8d1a2a6cfb5	X_RaGOO	21903543	21906810
DMRT1C$2L_RaGOO$21986682$21994908	5a7c0b63-e07d-42c6-b08a-320ff47a4467	2L_RaGOO	21988258	22007170
HETA$X_RaGOO$85920$94840	b93953af-f3fb-4b44-9ce7-f745d4a881c8	X_RaGOO	4147	93255
DNAREP1_DM$2R_RaGOO$955037$955233	375635cc-9dd7-4c38-8af6-f96d59330be2	2R_RaGOO	953891	955310
DNAREP1_DM$2L_RaGOO$10941726$10942008	d4a19801-e12b-4509-85eb-9ed87de5fc64	2L_RaGOO	10939663	10941989
Gypsy12A_LTR$2R_RaGOO$1008118$1011100	79dd39ff-1054-440c-b9f7-1375e7582e43	2R_RaGOO	1008653	1029019
DMRT1C$X_RaGOO$19445618$19446856	a482da8c-45fe-4116-b4a2-9939392ce608	X_RaGOO	19444435	19446849
FB4_DM$4_RaGOO$769101$769563	1df1f953-cb09-49e3-99cc-e653ebf21e9b	4_RaGOO	769244	771042
BLASTOPIA_I$3L_RaGOO$24027370$24031886	25a9646c-dc28-4b00-91b0-e31e422fd2ed	3L_RaGOO	24029498	24035264
DNAREP1_DM$2R_RaGOO$7261649$7262162	3a419e56-b6a9-4bde-a8b2-d110999095e0	2R_RaGOO	7261996	7262511
DNAREP1_DM$2R_RaGOO$4901613$4901964	a03b38c7-f37b-4b00-9a9e-44a3b13449f2	2R_RaGOO	4901789	4905479
DNAREP1_DM$4_RaGOO$451210$451382	b45b0c2e-459e-4204-9f05-eecda74fc8e5	4_RaGOO	450292	452085
Gypsy8_I$2R_RaGOO$2534282$2536641	8a78e875-767e-47cc-809e-d7fa3964cfde	2R_RaGOO	2533360	2536236
Gypsy6_I$2R_RaGOO$972110$979166	0fa66443-d6da-4767-bd9c-593dcff2afa1	2R_RaGOO	953892	978326
DNAREP1_DM$2R_RaGOO$3598003$3598607	29314b7a-00b1-4ac0-b1b9-5c9abae1d051	2R_RaGOO	3590253	3598966
DNAREP1_DM$4_RaGOO$1186332$1186735	c3418de9-2b3f-4b66-a3c4-3ed4334b45fa	4_RaGOO	1186484	1188269
DNAREP1_DM$3R_RaGOO$3804446$3804665	79a328d4-7f61-46fe-8d79-1fa36883ad99	3R_RaGOO	3804516	3807442
DNAREP1_DM$4_RaGOO$1186332$1186735	cb6dbfa9-a23b-448b-897a-baebfe67f951	4_RaGOO	1186484	1188255
DNAREP1_DM$4_RaGOO$196058$196261	efed15ad-0344-45b9-bdb6-9e180286eb48	4_RaGOO	194534	196097
DNAREP1_DM$3R_RaGOO$3804446$3804665	3132da95-500f-490e-8f11-032d44a376d2	3R_RaGOO	3804466	3807439
G_DM$3L_RaGOO$22645435$22645864	82e4e5ea-7081-42d9-9606-b328e2f9034a	3L_RaGOO	22644483	22645859
HETA$X_RaGOO$85920$94840	d224b98d-e441-4e47-989a-1b648f4577c8	X_RaGOO	5983	93548
DNAREP1_DM$2R_RaGOO$3598003$3598607	628b8089-1c69-4fa6-99b7-257a9e043e77	2R_RaGOO	3590277	3598850
DNAREP1_DM$3R_RaGOO$3804446$3804665	b92b3bf9-7f38-42a0-b3c1-6356ceedd26a	3R_RaGOO	3804486	3807442
DNAREP1_DM$2R_RaGOO$955037$955233	51f90fd8-e698-401c-b87c-3dab1e2df47d	2R_RaGOO	953891	955310
DNAREP1_DM$2R_RaGOO$1818747$1818920	41753c69-c70f-4130-bf00-6d4edea4114a	2R_RaGOO	1818854	1819512
DNAREP1_DM$2R_RaGOO$955037$955233	454a039f-021e-4529-9055-d16247c06910	2R_RaGOO	953915	955303
DNAREP1_DM$4_RaGOO$196058$196261	ada046ba-b97c-4470-aa5a-c29e59755d52	4_RaGOO	194534	196095
POGO$2R_RaGOO$7201268$7202754	c4c68d4c-2462-4fd7-9006-206bbd877b00	2R_RaGOO	7201342	7202765
DNAREP1_DM$2R_RaGOO$4901613$4901964	acba216b-e67c-4060-806a-e58e4e443865	2R_RaGOO	4901785	4905291
BLOOD_I$3R_RaGOO$1043809$1050517	1688b31e-2016-476a-96bc-ddc7f0b5d63c	3R_RaGOO	782600	1194732
MAX_I$2L_RaGOO$22373838$22379089	5c66b195-285a-41a8-b915-e3f1b3452356	2L_RaGOO	22369180	22379193
G_DM$3L_RaGOO$22645435$22645864	e318cc18-5918-45ac-8228-5684b3fb646d	3L_RaGOO	22644199	22645857
Copia_LTR$3L_RaGOO$10022428$10027467	d3c97e18-cee5-4f87-b573-98e558edcf4c	3L_RaGOO	10022493	10052669
DNAREP1_DM$4_RaGOO$1232094$1232495	f5f9a9c3-c6d1-4047-b997-27a9e645a446	4_RaGOO	1231546	1235256
M4DM$2L_RaGOO$20991010$20991283	bd4cf55b-7b6e-441d-a1e0-1412e222dc9b	2L_RaGOO	20991068	20994704
DNAREP1_DM$2R_RaGOO$955037$955233	3074cd8f-7165-4f8e-afbf-df65c12a91f1	2R_RaGOO	953891	955323
DNAREP1_DM$3R_RaGOO$3804446$3804665	5beadbf6-12f8-4704-be0f-6741efb84580	3R_RaGOO	3804454	3807440
DNAREP1_DM$3R_RaGOO$3804446$3804665	e4d69426-2da4-4f9b-97f2-89fcf8b95582	3R_RaGOO	3804507	3807442
M4DM$3R_RaGOO$18819049$18819386	408c3552-729b-41e9-8090-d34f482b5c09	3R_RaGOO	18819030	18819997
FB4_DM$4_RaGOO$769101$769563	28a5d9b6-34c2-45c7-8e65-745b9e9d06cd	4_RaGOO	769336	770961
DNAREP1_DM$2L_RaGOO$21223183$21223379	be5c1864-302f-47bd-b36f-a616a860fbcc	2L_RaGOO	21221954	21229612
DNAREP1_DM$2R_RaGOO$1391532$1391697	9fff5f30-1b13-48ce-99f0-56246ad83e55	2R_RaGOO	1390751	1391594
DIVER2_I$2R_RaGOO$3973922$3976557	26612c82-4658-4cea-b453-927d69e14f1e	2R_RaGOO	3921614	3974911
Gypsy8_I$2R_RaGOO$2534282$2536641	21a65b70-2a57-4f22-8d07-39a782b67cd9	2R_RaGOO	2533332	2536223
NOMAD_LTR$2L_RaGOO$3400786$3408481	71bf47b9-05c7-4e0f-9673-163c1a998c85	2L_RaGOO	3402118	3414949
Gypsy12A_LTR$2R_RaGOO$1008118$1011100	1c796fce-ed4e-4d7b-88fa-290160266c28	2R_RaGOO	1008629	1029019
DIVER2_I$2R_RaGOO$3973922$3976557	aafe675d-d87e-4ab6-9fbe-d4a72a468bc3	2R_RaGOO	3921392	3974890
DNAREP1_DM$3L_RaGOO$21163504$21163657	76d85d42-3d3e-452b-ad41-247a1d33eed8	3L_RaGOO	21163526	21164034
DNAREP1_DM$X_RaGOO$16078418$16078817	a9ace440-6bcd-4739-9ac3-195a0e90ca37	X_RaGOO	16078704	16080610
DM176_LTR$3L_RaGOO$20033243$20040251	757b1413-042b-41f5-a976-773910722a07	3L_RaGOO	20026667	20039877
Gypsy8_I$2R_RaGOO$2534282$2536641	b98cbf3b-d25e-4d1b-bdab-6a9fd3367b9a	2R_RaGOO	2533362	2536209
FB4_DM$4_RaGOO$769101$769563	5173582c-8263-4de9-8e4b-8aa1ef5dbd74	4_RaGOO	769326	770885
TART_B1$2R_RaGOO$23920095$23923160	25f0f01d-af59-4261-8d72-d5ee3d90d659	2R_RaGOO	23910185	23923065
G5A_DM$2R_RaGOO$4442347$4444566	473f596c-58f8-44d8-88f9-f8eefc783ac7	2R_RaGOO	4421777	4443965
DNAREP1_DM$2R_RaGOO$4901613$4901964	a26f9cbf-10e1-4456-a9b9-b0a1894d02dc	2R_RaGOO	4901679	4905326
DNAREP1_DM$4_RaGOO$447558$448047	b1a3abb9-23c4-4e79-b446-b8df5cb948c7	4_RaGOO	447703	448211
MDG3_LTR$2L_RaGOO$9410285$9415840	3cc1ea31-5495-4b42-895d-877f2430c570	2L_RaGOO	9406892	9421206
DNAREP1_DM$2R_RaGOO$1818747$1818920	840db31c-c2b7-4ec1-874b-b64298dae57f	2R_RaGOO	1818761	1819518
ACCORD_LTR$2R_RaGOO$10965448$10972654	a389f3c2-87a5-47a6-b2b8-cec79a655b51	2R_RaGOO	10963236	10989121
HETA$X_RaGOO$85920$94840	3333385c-8992-4fbc-81b8-81b18d556607	X_RaGOO	4868	92887
MICROPIA_LTR$3R_RaGOO$6767654$6773119	1da59637-ad1f-4e61-b1d8-0dc18e8510b3	3R_RaGOO	6766770	6771534
BURDOCK_LTR$2R_RaGOO$1428763$1433741	06531461-2650-4641-b366-943a0d6496ca	2R_RaGOO	1390723	1441942
DMRP1$3R_RaGOO$6558695$6558945	e772f985-1350-4a8a-ac5f-6bae39335f8a	3R_RaGOO	6558873	6559564
BURDOCK_LTR$2L_RaGOO$4499214$4501787	118d7315-fb63-4554-bf76-9fde22ac2caf	2L_RaGOO	4499062	4503094
G4_DM$4_RaGOO$200824$200983	fea4a2d7-1780-4066-9eab-f6b1472c525d	4_RaGOO	199849	200899
TRANSPAC_LTR$3L_RaGOO$1562415$1567666	ea4846b7-d853-49d8-83d7-29681c28c343	3L_RaGOO	1557182	1563823
FB4_DM$4_RaGOO$769101$769563	ad2288ca-783f-4118-a3ce-95d4264e8f0a	4_RaGOO	769362	770872
DNAREP1_DM$3R_RaGOO$3804446$3804665	f3e72946-fa22-4065-b4a7-c180adef43b6	3R_RaGOO	3804507	3807418
DNAREP1_DM$2R_RaGOO$1818747$1818920	c994a8e9-17fd-40a3-a480-3c48100163f1	2R_RaGOO	1818752	1819507
BLASTOPIA_I$3L_RaGOO$24027370$24031886	92dc22a4-6752-4fae-8bc7-e61b5b00bac8	3L_RaGOO	24029435	24035198
G_DM$3L_RaGOO$22645435$22645864	563964e1-6996-449c-9e77-b8c6b7323b9a	3L_RaGOO	22644484	22645799
DNAREP1_DM$2R_RaGOO$4901613$4901964	7bedbd73-4194-4e9d-926a-44a963bb6b97	2R_RaGOO	4901818	4905398
FB4_DM$4_RaGOO$769101$769563	9f3f257a-124e-4283-a6f9-f60cc170f264	4_RaGOO	769240	771011
DNAREP1_DM$2R_RaGOO$955037$955233	254f1d4f-35e2-4d13-8d0e-6bec1404d51d	2R_RaGOO	953905	955306
Gypsy12A_LTR$2R_RaGOO$1008118$1011100	7d901d48-8b68-4102-a173-911bd2d8074c	2R_RaGOO	1008656	1029015
DNAREP1_DM$2L_RaGOO$20810079$20810439	b02d68f3-16d9-4aac-b0f6-d380fa9d3ef2	2L_RaGOO	20809313	20811514
DNAREP1_DM$4_RaGOO$1186332$1186735	d2b3ffef-7c82-48e9-90cf-2204fece8570	4_RaGOO	1186488	1188291
Gypsy2_LTR$2R_RaGOO$3982259$3989479	5717f362-c249-4583-9122-6dcdfa217674	2R_RaGOO	3943593	3996564
BLASTOPIA_I$3L_RaGOO$24027370$24031886	10335900-bf9c-4c97-a03f-f89c2fa9f0d1	3L_RaGOO	24029478	24035206
MDG1_LTR$3L_RaGOO$22730419$22737426	0f646fb6-1493-4728-8d38-9781cb5af8a7	3L_RaGOO	22713979	22737068
Gypsy_LTR$2R_RaGOO$790700$796839	1fb230e0-1847-4440-b466-581594918fa5	2R_RaGOO	780227	902993
DNAREP1_DM$4_RaGOO$1186332$1186735	a4f99aee-4744-4a07-91fa-aa49566b7bfe	4_RaGOO	1186484	1187561
M4DM$3R_RaGOO$18819049$18819386	44fa577a-a77e-4793-81d6-88eeeb03b8cc	3R_RaGOO	18818906	18819973
M4DM$3R_RaGOO$18819049$18819386	d4f4755b-124a-4e48-96ad-b724d25df45c	3R_RaGOO	18818906	18819950
ACCORD_LTR$2R_RaGOO$10965448$10972654	12b316d2-8907-4663-8e03-efdfae50d7a9	2R_RaGOO	10962891	10989121
DNAREP1_DM$2R_RaGOO$955037$955233	93d39cb3-d9de-4870-bd47-92123ffabedd	2R_RaGOO	953891	955304
DNAREP1_DM$2R_RaGOO$955037$955233	a1d62077-cf52-4c04-a11a-b1a9f807f99d	2R_RaGOO	953858	955310
M4DM$3R_RaGOO$18819049$18819386	c83ef990-7d19-4ff8-a33a-54d9dc4684cb	3R_RaGOO	18819016	18820000
XDMR$3R_RaGOO$22915727$22916034	285575ff-71d8-4d76-aa71-9cd4e9f66ce6	3R_RaGOO	22915828	22916654
Copia_LTR$3L_RaGOO$10022428$10027467	88a84590-01d9-46fe-9e84-e660b5996ee2	3L_RaGOO	10022516	10052648
ACCORD_LTR$2R_RaGOO$10965448$10972654	d0910e6a-90c9-4428-84b5-9c7c3104e0e8	2R_RaGOO	10962803	10989107
HETA$X_RaGOO$85920$94840	b87fe1aa-88b5-45b7-bb6b-a0cb71ec9522	X_RaGOO	4141	94807
DNAREP1_DM$4_RaGOO$1186332$1186735	28e9ca60-3176-4e16-b8a4-125a85dc8fea	4_RaGOO	1186484	1188285
G_DM$3L_RaGOO$22645435$22645864	418946d5-9478-49ed-a19a-6bd178afdf5d	3L_RaGOO	22645030	22645859
DOC6_DM$X_RaGOO$7744303$7748522	ca4d7675-1bd6-4896-ba56-bc426dc73363	X_RaGOO	7744458	7754331
DMCR1A$3L_RaGOO$23693376$23693676	92a45d34-fbcf-4c26-8a0b-7559a2b30fa7	3L_RaGOO	23692740	23694989
ACCORD2_I$4_RaGOO$315790$316010	be6f583d-2129-48c2-9d63-ace85bedce1c	4_RaGOO	306789	316525
HETA$X_RaGOO$85920$94840	c1b0b22e-bc3a-4b9a-9d64-de1af2d58f9f	X_RaGOO	6374	93583
DNAREP1_DM$3R_RaGOO$3804446$3804665	7869e81f-cd49-4d1f-96cc-ddf298877bd0	3R_RaGOO	3804445	3807439
IVK_DM$3L_RaGOO$19656431$19661800	ed5ecc4c-546d-49a8-a6f8-9438d01dc29b	3L_RaGOO	19655639	19660282
FB4_DM$3L_RaGOO$20535908$20537060	cfdad141-35c9-4df8-9103-c4135be9a9cd	3L_RaGOO	20522076	20537073
ACCORD_LTR$2R_RaGOO$10965448$10972654	8a6b7a8c-b7e4-4167-8a39-87b5950b895e	2R_RaGOO	10962780	10989111
DNAREP1_DM$3R_RaGOO$3694364$3695272	896536cd-c19a-45b8-aa97-ff80cc4654ae	3R_RaGOO	3694300	3697339
BEL_I$2R_RaGOO$2343602$2347767	eda4ee04-3826-4beb-a851-902400345ebe	2R_RaGOO	2337736	2345896
DMRT1B$X_RaGOO$18329002$18330754	25fa73fa-1052-4ab1-acb4-c184ca2a4f57	X_RaGOO	18328992	18331167
M4DM$3R_RaGOO$18819049$18819386	482fb9be-acc5-4100-98b5-80d406227b36	3R_RaGOO	18818906	18819995
DNAREP1_DM$3R_RaGOO$3237164$3237802	cf69aff7-5f51-468d-bb32-6d16a2916dae	3R_RaGOO	3236656	3237322
DNAREP1_DM$4_RaGOO$1186332$1186735	265045fd-0102-4400-8f17-4ae320b6694a	4_RaGOO	1186492	1188297
Gypsy8_I$2R_RaGOO$2534282$2536641	fc5a337f-d979-4fcb-8e9d-4ec3e9cd8e35	2R_RaGOO	2533434	2536236
M4DM$3R_RaGOO$18819049$18819386	7e45a470-e65f-41a9-beb3-d9e1f8a8171d	3R_RaGOO	18819001	18819878
G3_DM$3L_RaGOO$23675819$23677004	54eff5bb-a494-4124-ab40-e99ba0f4c6fc	3L_RaGOO	23674465	23676863
DNAREP1_DM$3R_RaGOO$3694364$3695272	4b13ebd5-533f-4d5e-a7de-3fb082ff7d3d	3R_RaGOO	3694280	3697383
G_DM$3L_RaGOO$22645435$22645864	2e884242-0e91-4128-ac70-049abef1ac7b	3L_RaGOO	22645024	22645836
Gypsy8_I$2R_RaGOO$2534282$2536641	a8c4eca7-9cf0-4634-ac8f-91987419aef9	2R_RaGOO	2533337	2536213
DNAREP1_DM$2R_RaGOO$7261649$7262162	04fe6c9c-f988-4909-8a8b-08fd56b71ae1	2R_RaGOO	7261253	7261966
DNAREP1_DM$3R_RaGOO$3804446$3804665	29907651-b839-4902-97ba-3d720351dadf	3R_RaGOO	3804445	3807390
BARI1$2L_RaGOO$21112657$21113769	56aabcb2-6ce7-47d3-99e2-a1bd4a13293d	2L_RaGOO	21111763	21113889
DNAREP1_DM$3L_RaGOO$26107782$26108245	9e99a6cb-6aea-4b62-b772-4ba18af707f5	3L_RaGOO	26105794	26108066
LINEJ1_DM$2R_RaGOO$1401724$1408146	a5d48882-4081-41c6-9c30-eb3bbc722154	2R_RaGOO	1390740	1406374
DNAREP1_DM$2R_RaGOO$955037$955233	61fdc953-e34f-4687-ac04-8f8911980d7e	2R_RaGOO	953893	955308
HETA$X_RaGOO$3925$6784	d79d8370-5474-46cf-ba34-db28f17a714d	X_RaGOO	4149	87268
DMRT1B$2R_RaGOO$4404275$4406331	bd086916-0a17-467c-affc-08cf2ce33f0e	2R_RaGOO	4404244	4408753
DMRT1B$X_RaGOO$18329002$18330754	8e01a39a-8b7e-4a07-9e9a-d9d824200782	X_RaGOO	18328991	18331166
DNAREP1_DM$3R_RaGOO$3804446$3804665	589680ea-2d14-4427-925c-4d89f1102b1d	3R_RaGOO	3804464	3807431
DNAREP1_DM$2R_RaGOO$3598003$3598607	498f88a3-c736-472d-9519-73993bbce486	2R_RaGOO	3590239	3598950
POGO$3L_RaGOO$9733928$9735150	96d08a04-679b-4f20-beea-6bfe2268de37	3L_RaGOO	9733164	9734053
DNAREP1_DM$3L_RaGOO$25186780$25187491	7d088a8d-e55e-47d7-a413-190d843c30be	3L_RaGOO	25187203	25192073
DNAREP1_DM$2R_RaGOO$3773662$3774116	a6ff14c7-6fb6-40e5-b6d0-b4ab515bbe12	2R_RaGOO	3773257	3774810
Transib5$2R_RaGOO$1408809$1410193	88c9f694-a506-4d10-a0d8-753509b780b7	2R_RaGOO	1390729	1409847
QUASIMODO_I$3L_RaGOO$26104647$26105994	1a17ff64-298f-439b-8589-8482236da73f	3L_RaGOO	26105842	26107649
DNAREP1_DM$2R_RaGOO$4901613$4901964	4b936327-ea05-410d-8245-22a6b5f7fb0a	2R_RaGOO	4901797	4905266
DOC6_DM$X_RaGOO$19194485$19198701	3c2696ae-44a8-4dee-ba48-185d1ee68bac	X_RaGOO	19197387	19200808
ACCORD_LTR$2R_RaGOO$10965448$10972654	a9da4e5b-e83f-4f73-8b1f-9d5a6ae1625a	2R_RaGOO	10962757	10989121
DNAREP1_DM$2R_RaGOO$955037$955233	e5ad0087-1c11-4ef5-912d-4268ccbc0b0c	2R_RaGOO	953891	955303
DNAREP1_DM$3R_RaGOO$3804446$3804665	c60df81f-0ee0-4532-9fc8-27005daba438	3R_RaGOO	3804486	3807430
DNAREP1_DM$2L_RaGOO$21401648$21401933	063b96be-b529-4485-b997-18c22bde1083	2L_RaGOO	21401450	21402770
DNAREP1_DM$2R_RaGOO$955037$955233	dee80e54-3c74-4f49-829a-3ff7d956076e	2R_RaGOO	953891	955310
POGO$2R_RaGOO$7201268$7202754	a254a27a-9390-4d7d-b641-349d24f3cb2a	2R_RaGOO	7201354	7202758
DMRT1B$X_RaGOO$18329002$18330754	96f9cb8f-dd4d-4d15-ad69-0a41200f2210	X_RaGOO	18329047	18331163
G_DM$3L_RaGOO$22645435$22645864	d7b3412a-8f77-48fe-9a3d-1091fe8f9d4f	3L_RaGOO	22644473	22645853
DNAREP1_DM$2R_RaGOO$4833601$4834688	b186e69e-edc2-4c4c-a911-ed9a55e86da0	2R_RaGOO	4834432	4836300
M4DM$3R_RaGOO$18819049$18819386	4ba7cb23-1b01-4db5-a4f8-ca0577957df8	3R_RaGOO	18818906	18819953
M4DM$3R_RaGOO$18819049$18819386	cb949483-e751-4c30-bbe6-4f9d7dc4605d	3R_RaGOO	18818896	18819951
DNAREP1_DM$2L_RaGOO$14597184$14597542	2a18e338-61a5-4fb5-ad2e-e5e30f04d9fc	2L_RaGOO	14596294	14597683
DNAREP1_DM$4_RaGOO$1037257$1037737	c974d388-bfcb-402d-9278-89eac8c8242b	4_RaGOO	1037051	1041853
QUASIMODO_I$3L_RaGOO$26104647$26105994	c4d9d2dd-4a52-47e1-b029-6d47a7d81206	3L_RaGOO	26105824	26125737
TC1-2_DM$2R_RaGOO$4626630$4627924	dd588915-a87f-47ec-ad12-6983e7fa2fa7	2R_RaGOO	4627740	4628523
POGO$2L_RaGOO$2955877$2958004	d4b3ef70-e813-4350-ad23-a2c0325b1b35	2L_RaGOO	2955978	2958007
POGO$2R_RaGOO$7201268$7202754	871a6462-b60a-46c8-b189-2655df3260b6	2R_RaGOO	7201343	7202758
MINOS$3L_RaGOO$23080784$23080951	0404c6ca-4992-480f-9622-868222e76ed8	3L_RaGOO	23074602	23081069
BLASTOPIA_I$3L_RaGOO$24027370$24031886	73d62104-126a-47df-87b2-76b5c0e057ea	3L_RaGOO	24029431	24035660
DNAREP1_DM$3R_RaGOO$3804446$3804665	df4a0c74-68cd-4739-9f64-6eb8aec5231d	3R_RaGOO	3804497	3807442
DNAREP1_DM$4_RaGOO$1186332$1186735	d1aede5e-897f-4907-9ecc-dd6416e16034	4_RaGOO	1186496	1188255
ACCORD_LTR$2R_RaGOO$10965448$10972654	2fd1bbb3-8e80-4474-b04d-9b10d57e47b6	2R_RaGOO	10962789	10989121
ACCORD_LTR$2R_RaGOO$10965448$10972654	1a442b40-9204-4c15-9779-df204914f6b6	2R_RaGOO	10962981	10989121
Transib5$2R_RaGOO$1408809$1410193	76028cac-cfc0-45c8-8793-f015963a3144	2R_RaGOO	1390751	1409567
QUASIMODO_I$2R_RaGOO$3940692$3953437	4e886c24-603e-4680-896e-6360200b1613	2R_RaGOO	3944412	3994573
DNAREP1_DM$2R_RaGOO$955037$955233	8d5db436-7800-4387-9235-0a1fa9d1a962	2R_RaGOO	953884	955276
DNAREP1_DM$2R_RaGOO$955037$955233	b4379a5b-3763-4061-82a6-d2264f691a00	2R_RaGOO	953862	955304
DNAREP1_DM$3L_RaGOO$20850943$20851168	80e11a3f-cd56-49d8-b0ac-6d7467a1451f	3L_RaGOO	20850864	20856177
FB4_DM$4_RaGOO$769101$769563	dc69146f-571f-4063-a702-ca77eaded155	4_RaGOO	769391	770874
DMRT1C$X_RaGOO$19435774$19437014	f441f031-23e9-48fe-bc85-eeef22347925	X_RaGOO	19434575	19437014
M4DM$3R_RaGOO$18819049$18819386	4c8a02e2-3926-485a-be45-481e907d32db	3R_RaGOO	18818906	18819948
HETA$X_RaGOO$85920$94840	bbfaf5bf-f39d-4ade-beaa-1c637abeb123	X_RaGOO	4141	95330
DNAREP1_DM$2R_RaGOO$1818747$1818920	7e39adce-20fa-4c74-b151-75bb99d576fd	2R_RaGOO	1818821	1819518
M4DM$3R_RaGOO$18819049$18819386	2511dec2-4c86-4c23-86fe-7ed4780f561e	3R_RaGOO	18818899	18819982
DNAREP1_DM$3R_RaGOO$3675236$3675485	123ecc60-7efe-4a67-b34e-4a406711ffc8	3R_RaGOO	3675336	3676957
DNAREP1_DM$2R_RaGOO$955037$955233	81cf5cd5-e2cd-4f54-b516-416a524342c0	2R_RaGOO	953894	955310
TART-A$3L_RaGOO$24818846$24827437	46a6c535-6792-4361-aa5c-1d57de9ceec1	3L_RaGOO	24797761	24826897
NOMAD_I$3R_RaGOO$3234768$3235032	28dffb56-42f8-4456-8e07-8be17d42b8fa	3R_RaGOO	3234534	3236518
DNAREP1_DM$2R_RaGOO$955037$955233	999d4cfe-f2c2-458c-a752-7ab7fa284383	2R_RaGOO	953891	955306
Gypsy4_I$3L_RaGOO$23066970$23068842	32a8bf69-868b-4ef9-9fa2-b75c9138b3c7	3L_RaGOO	23064538	23067805
M4DM$3R_RaGOO$18819049$18819386	2fe8e205-dd37-428d-88f9-863626357354	3R_RaGOO	18818906	18819972
POGO$2R_RaGOO$7201268$7202754	4b4d3782-8ead-427d-9254-d0962346ab9b	2R_RaGOO	7201341	7202765
DNAREP1_DM$2R_RaGOO$3598003$3598607	a8557ee5-8709-488b-a95d-0183370dd7b9	2R_RaGOO	3590253	3599007
BURDOCK_LTR$2L_RaGOO$4499214$4501787	eade46b2-4fa9-4d1f-b56d-3061dfb0c7ac	2L_RaGOO	4499172	4503094
DNAREP1_DM$3R_RaGOO$4677387$4677551	b02b85d4-8c14-451e-a16d-890428161bf3	3R_RaGOO	4677487	4677896
DNAREP1_DM$4_RaGOO$196058$196261	bf160e01-e77b-4d4b-a982-428c7fe85693	4_RaGOO	194555	196097
HETA$X_RaGOO$85920$94840	57c4669e-1efc-4b33-8a3d-e933e99d9162	X_RaGOO	6271	93337
TRANSPAC_LTR$2R_RaGOO$15245759$15251009	8ab578d8-336f-4883-8009-b29bb5e04bcd	2R_RaGOO	15246373	15269461
ROO_LTR$2L_RaGOO$2211041$2220159	57cc1c13-97fd-44f1-a48c-aa0f7485e1cb	2L_RaGOO	2212820	2253312
FB4_DM$4_RaGOO$769101$769563	d71cbf78-f4c4-4a05-bd38-e9fbe1707f1c	4_RaGOO	769235	770874
DNAREP1_DM$4_RaGOO$658454$659354	9a1d3610-3b21-4ae0-8ed1-fd4290059403	4_RaGOO	656731	659530
BEL_I$2R_RaGOO$2343602$2347767	ba9f2046-4789-4f02-949c-c9c09a0509ca	2R_RaGOO	2337777	2345861
DMRT1B$2R_RaGOO$1425692$1426058	b7cf9d05-2473-4e4c-8d94-3ff6a48d7cdf	2R_RaGOO	1390746	1426386
Copia_LTR$3L_RaGOO$10022428$10027467	6460d1e8-56fd-42b2-a4b0-afbd06fbe375	3L_RaGOO	10022738	10052630
ACCORD_LTR$2R_RaGOO$10965448$10972654	ae8552a9-13de-4ceb-ac29-3af05b529a34	2R_RaGOO	10962763	10989108
DM297_LTR$4_RaGOO$1229182$1232068	cca378f3-2f91-41cc-85d3-9ea479bf8ed3	4_RaGOO	1231522	1235240
DNAREP1_DM$3R_RaGOO$3804446$3804665	70c7c7c3-a916-447d-a747-7bef86a0def8	3R_RaGOO	3804481	3807442
HOBO$2R_RaGOO$16868949$16869869	45b4cd5b-c9f2-43a3-8ca8-dd64210c032e	2R_RaGOO	16862188	16869958
M4DM$3R_RaGOO$18819049$18819386	6abfe780-cafb-402f-8739-1f1895635bfa	3R_RaGOO	18819001	18819928
DNAREP1_DM$3R_RaGOO$5274265$5274458	16b7b21b-bdbb-414c-bedb-dde5611d87b5	3R_RaGOO	5274124	5275141
FB4_DM$4_RaGOO$769101$769563	d0bb18ea-96d7-4986-a082-46e66e819d68	4_RaGOO	769246	771042
DOC6_DM$X_RaGOO$19194485$19198701	e5757652-1962-433d-b250-ccadcb52cf72	X_RaGOO	19197357	19200807
DNAREP1_DM$2R_RaGOO$1818747$1818920	17626cd1-315f-498c-970f-6c527c01cc74	2R_RaGOO	1818757	1819518
DNAREP1_DM$3R_RaGOO$5952853$5953133	88d2992e-0a2a-4023-92c2-d56ea251d1f6	3R_RaGOO	5949795	5953306
G_DM$3L_RaGOO$22645435$22645864	f04396aa-ab98-418f-9be0-e2b455ee3e3a	3L_RaGOO	22645040	22645860
Gypsy4_LTR$2R_RaGOO$768642$773133	126aa295-83a0-4fad-be31-9cd7d2402473	2R_RaGOO	717515	807660
XDMR$3R_RaGOO$22915727$22916034	732cd4e2-7323-4f57-81a9-d99cd9a2cbe4	3R_RaGOO	22915513	22916681
Transib5$2R_RaGOO$1408809$1410193	db5cc93a-16be-43bd-bdbe-681ce0342f47	2R_RaGOO	1390761	1409841
DNAREP1_DM$3R_RaGOO$3804446$3804665	26672082-4194-49c7-814c-ba8a2e5135de	3R_RaGOO	3804493	3806975
TRANSIB2$2R_RaGOO$1819719$1821473	f3b2544e-8c4a-442f-bf4b-81ebd1303f9c	2R_RaGOO	1818956	1820106
DNAREP1_DM$2L_RaGOO$21226550$21227670	5da81084-d269-4b13-9f7a-cc0f17e8b4ef	2L_RaGOO	21226262	21229612
DMRT1B$X_RaGOO$18329002$18330754	43f06737-ff39-4ead-a123-38f6e9e6cbab	X_RaGOO	18328968	18331163
DNAREP1_DM$3R_RaGOO$3701638$3702742	893b8a92-fdb3-416c-85dc-d741818e772b	3R_RaGOO	3702610	3705716
DNAREP1_DM$2L_RaGOO$20881393$20881695	3546df12-d156-4393-87bd-13d85419cd06	2L_RaGOO	20881607	20882263
G_DM$3L_RaGOO$22645435$22645864	e74422a0-7d60-4054-ad79-d4dd2fe0b77c	3L_RaGOO	22644473	22645826
FB4_DM$4_RaGOO$769101$769563	1999b8c4-d975-4acb-9005-9385eb6acac7	4_RaGOO	769297	771040
DOC3_DM$3R_RaGOO$2983770$2986840	a7ca4346-541e-49c2-adeb-4db6224cc846	3R_RaGOO	2896348	2986556
DNAREP1_DM$3R_RaGOO$3804446$3804665	5e538fe1-5c10-4f34-8471-38c6cec0c1bb	3R_RaGOO	3804516	3807439
DNAREP1_DM$3L_RaGOO$24050841$24051040	00566a20-e03c-4225-ba19-4f906e17b7b2	3L_RaGOO	24050943	24075982
Transib5$2R_RaGOO$1408809$1410193	8a380771-6580-43f5-a68e-4f6a8c2bcbb9	2R_RaGOO	1390752	1409838
Transib5$2R_RaGOO$1408809$1410193	e7f4b4d4-9847-4b8d-9bc1-7f752e43b012	2R_RaGOO	1390748	1409845
DMCR1A$X_RaGOO$21903539$21904054	95eccb94-ebca-4f2e-aee8-3faa909b93e0	X_RaGOO	21903621	21906810
DNAREP1_DM$2R_RaGOO$3599892$3600422	7f591a96-2b73-48e5-947d-66c66011d052	2R_RaGOO	3599210	3600085
BURDOCK_LTR$2R_RaGOO$1428763$1433741	96682803-b818-4aa3-89e4-c724b641bf96	2R_RaGOO	1390707	1441947
DNAREP1_DM$3R_RaGOO$3804446$3804665	5bbfb3a1-c467-498f-a302-6a423042c50a	3R_RaGOO	3804451	3807447
DNAREP1_DM$X_RaGOO$21809149$21809445	0e1781fe-5959-4a3e-9240-21de67f69c35	X_RaGOO	21808839	21810333
HETA$X_RaGOO$85920$94840	f6ca01ab-db2c-41f2-acdb-2f2b070f5b7f	X_RaGOO	77726	91342
DNAREP1_DM$3R_RaGOO$4412850$4413089	1180b5fb-ff35-4405-82bc-782cb7e8b41b	3R_RaGOO	4412303	4412910
Gypsy12A_LTR$2R_RaGOO$1008118$1011100	e4bd8fd3-03a1-4af7-9bb7-74c28cd8763b	2R_RaGOO	1008647	1029019
FB4_DM$4_RaGOO$769101$769563	eb1bb48b-c078-4b03-a411-fe4ed237dd44	4_RaGOO	768833	770996
DNAREP1_DM$3R_RaGOO$3804446$3804665	6f389b2c-0881-4816-ab7c-35df8084429e	3R_RaGOO	3804447	3807455
G6_DM$X_RaGOO$22029501$22033012	8184f92a-7f17-45b7-8929-5405f584db59	X_RaGOO	22007919	22032936
DNAREP1_DM$4_RaGOO$196058$196261	7e69ee49-2cd2-4359-bda3-b40fdb0ff7c1	4_RaGOO	194544	196084
DNAREP1_DM$2R_RaGOO$1818747$1818920	6bb95cce-b523-44f2-96f5-e98f077ecb55	2R_RaGOO	1818764	1819518
ACCORD_LTR$2R_RaGOO$10965448$10972654	24c20366-4ac1-485b-a530-db910a20344b	2R_RaGOO	10962732	10989121
DNAREP1_DM$4_RaGOO$1090956$1091125	f6c4983c-6f43-4a16-8522-dc6d1996fe01	4_RaGOO	1090839	1098293
Transib5$2R_RaGOO$1408809$1410193	0577cd83-2634-438f-80d0-ad89ffdd87ab	2R_RaGOO	1390738	1409819
MAX_I$2L_RaGOO$22373838$22379089	e3301c63-7472-4ec9-8251-369bb23213e1	2L_RaGOO	22368552	22379164
DOC6_DM$X_RaGOO$19194485$19198701	ddb5ca01-d670-4fe5-bf75-6b03c9f9fdc2	X_RaGOO	19197368	19200803
DNAREP1_DM$3R_RaGOO$3804446$3804665	5a1f594a-b571-4fc2-a4c1-55925ba9b528	3R_RaGOO	3804482	3807444
DMCR1A$3L_RaGOO$23648857$23652995	bb680087-a958-4276-8ba0-405f3f2a053d	3L_RaGOO	23650285	23675276
HETA$X_RaGOO$85920$94840	78dd76d1-40f8-4a34-a925-5ab9df7ee782	X_RaGOO	4141	94940
DNAREP1_DM$2R_RaGOO$955037$955233	b794ec54-f261-4889-865b-0d7239f9ea3e	2R_RaGOO	953891	955298
PROTOP_B$2L_RaGOO$22342065$22342964	3767819f-d314-46ef-9393-41db6a194969	2L_RaGOO	22340880	22342548
POGO$2L_RaGOO$2955877$2958004	dd58fa28-9860-421b-8f64-a47d45816ca1	2L_RaGOO	2955956	2958007
M4DM$3R_RaGOO$18819049$18819386	50b810bb-dc07-48be-958f-b8ce107e305c	3R_RaGOO	18818902	18819950
PROTOP_B$3L_RaGOO$24137900$24138621	a1e02756-e2bc-490b-ac9d-2fa84705a84b	3L_RaGOO	24137736	24139500
HETA$X_RaGOO$85920$94840	c99ed905-b0f6-4049-94c9-8c4dbb547018	X_RaGOO	5214	93586
M4DM$3R_RaGOO$18819049$18819386	7c96800c-a462-4b8f-8ccc-d014a4bcbf7e	3R_RaGOO	18818915	18819951
DNAREP1_DM$3R_RaGOO$3804446$3804665	56269462-8e8c-4834-8bb8-a718bd9c576d	3R_RaGOO	3804472	3807432
BLASTOPIA_I$3L_RaGOO$24027370$24031886	f7d1f5b7-9511-4b44-9ed2-e23acbd03e8c	3L_RaGOO	24029430	24035669
DNAREP1_DM$2R_RaGOO$7261649$7262162	242c4a37-64d9-4325-bc69-fc2f7282432b	2R_RaGOO	7261291	7261941
DNAREP1_DM$2R_RaGOO$955037$955233	9fcc418b-87c9-4a62-924c-269263798401	2R_RaGOO	953815	955188
M4DM$3R_RaGOO$18819049$18819386	a1c78c5d-c8aa-4e3b-a84d-b42d55f78b65	3R_RaGOO	18819039	18819957
DNAREP1_DM$3R_RaGOO$3804446$3804665	4a7312fb-a81d-4f05-bdb0-e119f03d4857	3R_RaGOO	3804486	3807446
ACCORD_LTR$2R_RaGOO$10965448$10972654	5207cd5d-051a-41e7-9277-c3e4dd277b11	2R_RaGOO	10962695	10989102
DNAREP1_DM$2R_RaGOO$955037$955233	1a7eb402-bf34-40ed-99fe-36799c66ca73	2R_RaGOO	953904	955310
I_DM$2L_RaGOO$8443816$8449159	98df56a5-0f97-40a4-ac86-ae757916225c	2L_RaGOO	8440587	8448330
POGO$2R_RaGOO$7201268$7202754	87ab6806-9a2e-4162-a865-d5fe1edc20ed	2R_RaGOO	7201353	7202758
G_DM$3L_RaGOO$22645435$22645864	f572229a-3f30-41b6-900b-ca588d9addc2	3L_RaGOO	22645024	22645862
Gypsy8_I$2R_RaGOO$2534282$2536641	641d3eed-bc0c-4d07-a57b-dc0d138f25d4	2R_RaGOO	2533338	2536275
FB4_DM$3R_RaGOO$3718876$3720017	54a496f3-8a38-46bd-a088-42cb40848b9a	3R_RaGOO	3716722	3719066
DNAREP1_DM$3L_RaGOO$23624018$23624362	0281760a-e042-46d3-812f-c4155912de1f	3L_RaGOO	23591413	23624077
DNAREP1_DM$3R_RaGOO$4102841$4103106	f55b18a8-3da5-434f-93ad-6be63ccd646e	3R_RaGOO	4102327	4103854
FB4_DM$4_RaGOO$456811$457356	28e6f40a-7208-47fb-9b0f-b4f5471aa0be	4_RaGOO	455859	457292
DNAREP1_DM$2R_RaGOO$955037$955233	b4368fa2-e327-4dce-93cc-48abd3379f74	2R_RaGOO	953861	955304
IDEFIX_LTR$3L_RaGOO$20046597$20052802	145ebe08-89e5-486d-8b24-ad960f73b1d4	3L_RaGOO	20026751	20051256
PROTOP_B$2L_RaGOO$22342065$22342964	21a9519b-6273-4ded-8027-b6431972e888	2L_RaGOO	22340838	22342300
M4DM$3R_RaGOO$18819049$18819386	0f54894b-6f2c-432d-bd0a-883e502e90ce	3R_RaGOO	18818910	18819994
DM297_LTR$2L_RaGOO$21241556$21249211	45317693-c63c-40aa-8bcc-2f9c0206a460	2L_RaGOO	21234894	21249599
G5A_DM$2R_RaGOO$4442347$4444566	a3653c76-ee37-4d2a-8876-1815ac46fb71	2R_RaGOO	4421777	4444758
DNAREP1_DM$3R_RaGOO$3804446$3804665	eab65025-a8f4-46ea-b181-2d4928509225	3R_RaGOO	3804538	3807439
HETA$X_RaGOO$85920$94840	73a8bb14-0ffe-41ed-9e8d-4dc058c0e690	X_RaGOO	4164	93257
DNAREP1_DM$3R_RaGOO$3606122$3607110	dfd5ba3d-3a77-4c1f-9d35-872e5136bd5f	3R_RaGOO	3606088	3609005
TART_B1$2R_RaGOO$23920095$23923160	47061427-2cbf-4ca3-86f9-89587b1f05ea	2R_RaGOO	23910185	23923117
DMRT1A$2R_RaGOO$4450963$4452951	89d016f3-8b38-44cf-aaed-d6a1d5cafd60	2R_RaGOO	4450846	4530154
TRANSPAC_LTR$2R_RaGOO$15245759$15251009	e70bd06c-b20a-40ee-ae9f-64e6469ca92e	2R_RaGOO	15198413	15250450
DNAREP1_DM$4_RaGOO$1186332$1186735	f7670f79-ae31-44af-be4d-83677201a20d	4_RaGOO	1186492	1187550
NOMAD_LTR$3L_RaGOO$10268410$10275872	71caa99b-8c00-4abb-9e2e-50dd6988afd7	3L_RaGOO	10270059	10386064
G_DM$3L_RaGOO$22645435$22645864	c89276c2-b248-4d9a-b314-21ceb4edb027	3L_RaGOO	22645024	22645862
ACCORD_LTR$2R_RaGOO$10965448$10972654	b786d7d4-c93a-41cd-82c0-ae92e7e7a180	2R_RaGOO	10962757	10989111
DNAREP1_DM$4_RaGOO$1186332$1186735	6cb7b22e-c420-47f3-a2d1-41f7adcec9cc	4_RaGOO	1186484	1187540
DNAREP1_DM$4_RaGOO$196058$196261	337177b4-fe23-4003-8aa8-76bfc727fd23	4_RaGOO	194534	196088
DNAREP1_DM$4_RaGOO$295781$296072	6100b38a-c4b4-49f8-ba26-37eaaa21801a	4_RaGOO	292827	295997
BLASTOPIA_I$3L_RaGOO$24027370$24031886	b7835f61-c0d9-4096-88a6-a555b4a31304	3L_RaGOO	24029441	24035199
PROTOP_B$2L_RaGOO$22342065$22342964	e6401bda-b7f4-47b2-ad0e-7282c10ab19f	2L_RaGOO	22341485	22345930
FB4_DM$4_RaGOO$769101$769563	20f01889-b376-481f-bc88-f7ccbdfb1bdb	4_RaGOO	769358	770874
ACCORD_LTR$2R_RaGOO$10965448$10972654	962cac31-8745-4112-8bcc-5a459327390d	2R_RaGOO	10962710	10989121
DOC6_DM$X_RaGOO$19194485$19198701	1e23259e-e39e-40a6-9db6-b208d976a407	X_RaGOO	19197353	19200810
TRANSPAC_LTR$2R_RaGOO$15245759$15251009	56671b68-5c14-436d-b9e6-2bffa28c05d6	2R_RaGOO	15247169	15269487
DNAREP1_DM$2R_RaGOO$3598003$3598607	54fd5011-fe42-4f31-9498-6c84e1332614	2R_RaGOO	3590277	3598999
DIVER2_I$2R_RaGOO$3973922$3976557	cd8ffd83-307e-4223-b8d0-0c34627c6852	2R_RaGOO	3921385	3974884
DNAREP1_DM$4_RaGOO$331636$332383	52a45dc9-5e1f-4761-b4da-95f5d6bc37f4	4_RaGOO	317090	332603
DNAREP1_DM$2R_RaGOO$4901613$4901964	dc5023eb-970b-43c1-a3d2-27ae633ab048	2R_RaGOO	4901869	4905283
BURDOCK_LTR$2L_RaGOO$4499214$4501787	a2abc941-6e56-4439-8220-968318ad6315	2L_RaGOO	4499130	4503108
BURDOCK_LTR$2L_RaGOO$4499214$4501787	ad5fcd42-32fd-47b2-a081-b66e96745c2a	2L_RaGOO	4499075	4503097
LINEJ1_DM$2L_RaGOO$10017466$10022479	814b8f71-44e2-4ba3-be9a-adee356666b0	2L_RaGOO	10018288	10043446
DMRT1B$X_RaGOO$18329002$18330754	de8c677b-ded0-4282-b43e-f507923d25a0	X_RaGOO	18328988	18331164
ACCORD_LTR$2R_RaGOO$10965448$10972654	6268cddf-4593-4191-bf7d-e91b6c4b42ed	2R_RaGOO	10963241	10989112
DIVER2_I$2R_RaGOO$3973922$3976557	1d18f19f-a25b-4b2d-9f2c-a0280562185c	2R_RaGOO	3921385	3974884
DNAREP1_DM$2R_RaGOO$1818747$1818920	b58dea99-764d-49eb-bb5a-c6b730be483f	2R_RaGOO	1818757	1819512
DNAREP1_DM$3R_RaGOO$3804446$3804665	916608b6-3ead-41fc-832f-617aeb159b45	3R_RaGOO	3804516	3807442
ROVER-LTR_DM$X_RaGOO$21181780$21195611	40d89681-7114-46af-be20-94a877ab0891	X_RaGOO	21119630	21192011
DNAREP1_DM$2R_RaGOO$955037$955233	4b5fc5e0-5159-48de-b9f8-784c0ffd399e	2R_RaGOO	953891	955304
DM297_LTR$4_RaGOO$1229182$1232068	48200e70-dbd5-4de8-8732-eb361f50d058	4_RaGOO	1231527	1239881
POGO$2R_RaGOO$7201268$7202754	e16d5df1-62bc-4a31-97c5-3abb3cf508fa	2R_RaGOO	7201345	7202758
Gypsy12A_LTR$2R_RaGOO$1008118$1011100	b7e2d4e5-5b7a-4b65-b540-431a545afaf1	2R_RaGOO	1008629	1029019
M4DM$3R_RaGOO$18819049$18819386	0a3c6237-ae82-4fad-a4e3-2e261e83f138	3R_RaGOO	18818923	18819951
DNAREP1_DM$2R_RaGOO$955037$955233	0593ff2a-24c9-43fa-8de4-582d8e50a4bb	2R_RaGOO	953829	955308
TRANSIB2$2R_RaGOO$3421509$3423952	643e7bc3-8dfa-41e7-b005-1077a0218aa1	2R_RaGOO	3422840	3424731
NOMAD_I$2R_RaGOO$383343$386109	342915f8-743c-48c5-aae0-12388396ac41	2R_RaGOO	356664	386451
DNAREP1_DM$3R_RaGOO$3804446$3804665	c9d59e8a-76c0-4922-bf74-494981437442	3R_RaGOO	3804481	3807442
M4DM$3R_RaGOO$18819049$18819386	e08c75b2-efcf-4ffe-b253-5c51bf4a6118	3R_RaGOO	18818906	18819947
DOC6_DM$X_RaGOO$19194485$19198701	aaf01092-f97b-498a-b58c-15a988c90f29	X_RaGOO	19197371	19200810
G_DM$3L_RaGOO$22645435$22645864	bfcd211f-7714-4d35-9f50-2655fadf9256	3L_RaGOO	22644483	22645862
DNAREP1_DM$2R_RaGOO$4901613$4901964	bdef8107-eaeb-4525-bdb4-866293be5a51	2R_RaGOO	4901818	4905311
DMLTR5$3L_RaGOO$14930539$14930799	9c4d1c17-8165-484c-99b9-887d5faf16f5	3L_RaGOO	14930107	14930799
Transib5$2R_RaGOO$1408809$1410193	25fba752-9725-4918-8e36-d5ad1743fc97	2R_RaGOO	1390715	1409790
DNAREP1_DM$2R_RaGOO$955037$955233	7166f4bd-dcbc-4ffd-9f7b-5c6e7bc6c0a7	2R_RaGOO	953907	955304
DNAREP1_DM$4_RaGOO$644595$644769	4ffba213-e2bc-4437-ba29-a4ebde13cf2f	4_RaGOO	641355	644823
DNAREP1_DM$3R_RaGOO$3804446$3804665	c41cebc4-ee5c-4846-b6a3-2159f03475d8	3R_RaGOO	3804501	3807442
DNAREP1_DM$4_RaGOO$1186332$1186735	73c4d34c-7f4a-4011-aa29-88cb9f06e165	4_RaGOO	1186517	1187516
ACCORD_LTR$2R_RaGOO$10965448$10972654	bb4952b1-5ab7-45dc-965e-5f7fca57d2ab	2R_RaGOO	10962734	11069720
DNAREP1_DM$4_RaGOO$350949$351580	88e9e9f2-e7a2-4b0e-b839-8d77c0e97f47	4_RaGOO	349516	351167
DNAREP1_DM$3R_RaGOO$3804446$3804665	265f702c-37a0-453f-b068-65194fa2cc10	3R_RaGOO	3804493	3805979
DNAREP1_DM$3R_RaGOO$3804446$3804665	2e389972-3f3d-463d-a79b-8bdc87b12b8d	3R_RaGOO	3804514	3807436
DNAREP1_DM$2R_RaGOO$8719298$8719543	2895ca9a-ed9b-4e4b-8056-6db6cedbb72d	2R_RaGOO	8719101	8720168
G_DM$3L_RaGOO$22645435$22645864	52f513ec-2972-48cd-8314-bb9990778e14	3L_RaGOO	22644472	22645882
BURDOCK_LTR$2L_RaGOO$4499214$4501787	c1b4c49e-7d69-4edc-a52d-319ef2c6cde9	2L_RaGOO	4499062	4503105
DNAREP1_DM$4_RaGOO$1186332$1186735	60a70d26-4734-4f60-ad78-6ca8415e4ad4	4_RaGOO	1186485	1188289
BURDOCK_LTR$2R_RaGOO$1428763$1433741	351c4e0c-702a-4796-9b1c-cc938d8650f0	2R_RaGOO	1433094	1441943
DNAREP1_DM$3R_RaGOO$3804446$3804665	9e2dd4db-994a-4c55-b49c-7f364b782660	3R_RaGOO	3804481	3807418
DNAREP1_DM$4_RaGOO$1186332$1186735	ead59716-edea-42bc-8757-f3080dcabd7a	4_RaGOO	1186484	1188272
G3_DM$3L_RaGOO$23675819$23677004	618f047d-dfc2-44b3-95ad-2c3d89c4f910	3L_RaGOO	23674288	23677227
DNAREP1_DM$3R_RaGOO$3804446$3804665	dd607e9b-b0b9-446e-8629-54c74a4370b6	3R_RaGOO	3804533	3807442
DNAREP1_DM$4_RaGOO$659404$659665	c8b43909-172d-4730-a753-cdfb55ff3d01	4_RaGOO	659630	661306
TC1-2_DM$2R_RaGOO$4626630$4627924	3caf51c5-4440-44e4-9f74-2da18aae06c3	2R_RaGOO	4627758	4628496
DNAREP1_DM$4_RaGOO$1186332$1186735	87e7c8fe-7a01-40e7-8d0a-1b151f0f8687	4_RaGOO	1186484	1188297
DNAREP1_DM$4_RaGOO$1186332$1186735	71c84da7-ec7f-4a61-9228-fb1050df8efa	4_RaGOO	1186484	1188258
DNAREP1_DM$2R_RaGOO$3773662$3774116	80a6c98a-7f4f-4b7f-a504-24c744952ef3	2R_RaGOO	3773834	3774863
FB4_DM$4_RaGOO$456811$457356	80c145f2-b0f0-4782-8cec-c1db35e6660f	4_RaGOO	455834	457439
POGO$2R_RaGOO$7201268$7202754	8f862229-dc8d-4134-9081-d260a1086655	2R_RaGOO	7201342	7202758
DMCR1A$X_RaGOO$21903539$21904054	b6c4d974-55f4-4085-826d-823ce3cf55e0	X_RaGOO	21903522	21906785
TRANSIB2$2R_RaGOO$1819719$1821473	a72459de-cc6c-45f2-9305-08d18568f901	2R_RaGOO	1818935	1820141
DNAREP1_DM$2L_RaGOO$20810079$20810439	cfb156b1-0548-4ee8-8bfc-05e70fb02243	2L_RaGOO	20809323	20811505
DNAREP1_DM$4_RaGOO$1186332$1186735	574cba48-d6b9-461b-a6a8-034f7959f46d	4_RaGOO	1186484	1187547
XDMR$3R_RaGOO$22915727$22916034	407a4176-47cb-4fd9-b864-96c9b17626c3	3R_RaGOO	22915902	22916661
M4DM$3R_RaGOO$18819049$18819386	b9db188a-8c9d-4016-ba7a-bde9b46ae1b5	3R_RaGOO	18818914	18819971
DNAREP1_DM$3R_RaGOO$3804446$3804665	ee1979cf-b35e-463a-bdd7-8d08397461bf	3R_RaGOO	3804497	3807423
FB4_DM$4_RaGOO$769101$769563	23d0e8a3-d8f5-4711-96c5-680753de240e	4_RaGOO	769370	769938
ROOA_LTR$3L_RaGOO$23694979$23695331	560944c2-3fac-4344-b951-0a90e5bf34d7	3L_RaGOO	23694552	23695023
TRANSPAC_LTR$2R_RaGOO$21445727$21450940	3c0efd62-5e65-4664-912c-8a07e495a406	2R_RaGOO	21443487	21448887
DM297_LTR$3L_RaGOO$24570098$24571913	c8fe3485-f3a2-47b1-a4c7-9272f4958f3e	3L_RaGOO	24488696	24572678
G5A_DM$3L_RaGOO$24863962$24865755	bfa4d339-c9b2-4d78-8866-8566c3f14aff	3L_RaGOO	24850964	24866608
ACCORD_LTR$2R_RaGOO$10965448$10972654	a07446a2-beac-4c25-af98-b95b428aaf4e	2R_RaGOO	10962853	10989121
PROTOP_B$2L_RaGOO$22342065$22342964	d1a46b57-c858-43cd-a033-5e77e96b44d6	2L_RaGOO	22340660	22345847
G5_DM$3R_RaGOO$5264596$5267762	246ad60c-0453-4f5f-978c-7afb21f2507c	3R_RaGOO	5264593	5268010
DNAREP1_DM$3L_RaGOO$22401884$22402324	894c2efc-9723-44fa-9890-34f3ba8ad4c1	3L_RaGOO	22400966	22402021
G_DM$3L_RaGOO$22645435$22645864	910cb9d1-c601-4987-95ff-01a8cd0213d1	3L_RaGOO	22644473	22645757
DNAREP1_DM$3R_RaGOO$3804446$3804665	ef49b0fe-a8f0-4c80-9e35-c48f6e95b666	3R_RaGOO	3804535	3807429
Transib-N1_DM$3R_RaGOO$19326872$19327284	0096a4c0-349b-4c0f-bcf1-0f9f99f2ce50	3R_RaGOO	19325777	19327545
BARI1$2L_RaGOO$21112657$21113769	009012ee-f892-4de4-bd35-4b96e7698951	2L_RaGOO	21111761	21113875
DMCR1A$3L_RaGOO$23298717$23298869	9a5d7325-e0f6-4d40-bacf-c475dedc33ef	3L_RaGOO	23297589	23299410
G5A_DM$2R_RaGOO$4442347$4444566	5af0268e-b6fa-4c40-bddd-ad661745de90	2R_RaGOO	4421777	4444000
DNAREP1_DM$3L_RaGOO$22401884$22402324	98499741-71e9-4bde-8fdf-4e4068925915	3L_RaGOO	22400985	22402011
HETA$X_RaGOO$85920$94840	958b327b-7bda-4c7f-ad30-c5a9e9dda68d	X_RaGOO	4146	93257
DNAREP1_DM$3R_RaGOO$19536671$19536947	78bb4ad0-4114-40f1-8981-d72c5559214a	3R_RaGOO	19535704	19537015
G_DM$3L_RaGOO$22645435$22645864	946fb67a-95e6-4e99-b5ed-3f1aa82b8de9	3L_RaGOO	22644547	22645852
M4DM$3R_RaGOO$18819049$18819386	ea1020b1-9221-4050-b9ff-dab100e08e2d	3R_RaGOO	18818995	18819950
Copia_LTR$2L_RaGOO$14753817$14758950	f314853f-6810-4fb2-8238-5ca2cab03774	2L_RaGOO	14729088	14769236
DMCR1A$X_RaGOO$21903539$21904054	c030a2f5-13e7-4eaf-9b43-48a939b00871	X_RaGOO	21903562	21904593
DNAREP1_DM$3R_RaGOO$3804446$3804665	3e95b0fb-2f48-45b7-a4de-2e02ab073ca4	3R_RaGOO	3804482	3807442
M4DM$3R_RaGOO$18819049$18819386	dd373891-67b3-4761-9269-7237363ce6ec	3R_RaGOO	18818899	18819917
DNAREP1_DM$3R_RaGOO$4207396$4207913	09143a4b-2008-4645-a605-09eed8cda03a	3R_RaGOO	4207655	4208687
DNAREP1_DM$3R_RaGOO$4677387$4677551	9f9d7bce-4032-452a-b720-48607fefa226	3R_RaGOO	4677523	4677932
DNAREP1_DM$4_RaGOO$1186332$1186735	81718c27-1787-49f1-9f10-53f7fb1200ad	4_RaGOO	1186484	1187561
Gypsy8_I$2R_RaGOO$2534282$2536641	af2be57e-da7b-4a68-87ca-b242c7d499be	2R_RaGOO	2533349	2536242
M4DM$3R_RaGOO$18819049$18819386	5902e2d5-f292-4ef3-a781-3cbd330feb42	3R_RaGOO	18818914	18819953
ACCORD_LTR$2R_RaGOO$10965448$10972654	5251df69-3740-4911-86b4-10f921a3aa6e	2R_RaGOO	10962758	10989122
ACCORD_LTR$2R_RaGOO$10965448$10972654	32680383-32c3-4a4b-9fa5-85fed098770c	2R_RaGOO	10962738	10989121
HETA$X_RaGOO$85920$94840	05ade8d6-e476-4684-aee8-a71b600e848a	X_RaGOO	5108	94511
DNAREP1_DM$4_RaGOO$658454$659354	a4a49f26-4968-4949-bd79-15d761ac77f7	4_RaGOO	657374	659530
DNAREP1_DM$4_RaGOO$1186332$1186735	f0ba8b9c-9ca1-4d53-bab7-ba0a1a1f7749	4_RaGOO	1186484	1188255
DNAREP1_DM$2R_RaGOO$955037$955233	8f82d96a-b30d-4084-af4d-cdb71ce30d28	2R_RaGOO	954739	955289
FB4_DM$2L_RaGOO$21750894$21752491	67b8e8ae-0162-486a-933b-ebf092e6dd58	2L_RaGOO	21749981	21751176
DNAREP1_DM$2R_RaGOO$3773662$3774116	5c2b7681-6e1c-4ef8-8ab0-5ba429e9a676	2R_RaGOO	3773937	3774612
HETA$X_RaGOO$85920$94840	0771acd4-31cc-44a9-8838-779b514f8b3b	X_RaGOO	4832	95355
QUASIMODO_I$3L_RaGOO$26104647$26105994	3280c3a5-2bd8-4c30-b4f2-98b1dbe5abb8	3L_RaGOO	26105783	26107627
BURDOCK_LTR$2L_RaGOO$4499214$4501787	74e7af8e-0dbf-4742-bd39-91fcd82a9396	2L_RaGOO	4499196	4503108
FB4_DM$4_RaGOO$769101$769563	63a9f683-34d5-45c8-be14-99a561d4964d	4_RaGOO	769358	770818
DNAREP1_DM$2R_RaGOO$4103302$4103694	5424f35b-6c52-4f33-9f70-1bb3e17c6f60	2R_RaGOO	4095324	4104158
DMCR1A$X_RaGOO$21903539$21904054	19a01709-4c52-43f5-9b19-06f114d81f2b	X_RaGOO	21903650	21906810
G_DM$3L_RaGOO$22645435$22645864	8afc2ecc-c2c8-4fa3-ad05-1d2faf841329	3L_RaGOO	22644486	22645859
DM176_LTR$3L_RaGOO$20033243$20040251	13ef0588-b9c9-4bf3-9900-455d9c5d9a20	3L_RaGOO	20026750	20039877
Gypsy6_I$2R_RaGOO$972110$979166	5dd5f9e1-ce12-4c12-8b6e-d87c21fadfbc	2R_RaGOO	953867	976931
HOBO$2R_RaGOO$16868949$16869869	487f9067-1ec6-4690-91df-40e55bc25288	2R_RaGOO	16862185	16869578
Gypsy8_I$2R_RaGOO$2534282$2536641	d43352fb-0c63-4bfa-a249-c2765c03aa7a	2R_RaGOO	2533332	2536246
PROTOP_A$2R_RaGOO$4110855$4111825	163421a1-6bbc-4f60-b88c-fe36ed2b5a1c	2R_RaGOO	4110742	4112752
POGO$2R_RaGOO$7201268$7202754	84b64f79-6d1b-4a6e-91d7-a1cea3b41182	2R_RaGOO	7201352	7203722
G_DM$3L_RaGOO$22645435$22645864	1dc7587d-2a0b-4c6f-b265-f44c8508b8a9	3L_RaGOO	22645028	22645842
HETA$X_RaGOO$85920$94840	efc95341-a25f-491e-9e72-8176e347d530	X_RaGOO	6034	93384
MAX_I$2L_RaGOO$22373838$22379089	eeba5cb8-c949-4049-aa04-4fc3a2e414c6	2L_RaGOO	22369180	22379218
DNAREP1_DM$4_RaGOO$1186332$1186735	be8b884c-2688-41eb-8448-21ea602a34e6	4_RaGOO	1186484	1187561
HETA$X_RaGOO$85920$94840	85c0d740-af89-488a-98db-965ba403bb4e	X_RaGOO	4141	95205
STALKER4_I$3L_RaGOO$25944955$25950885	e8769e59-4664-4335-b585-3492fc35d353	3L_RaGOO	25926602	25949326
DNAREP1_DM$2R_RaGOO$15800708$15800983	d99c5c1d-88cf-4219-9dc7-bcfe2c8a56b2	2R_RaGOO	15800662	15803109
DNAREP1_DM$2R_RaGOO$8719298$8719543	c4013354-6225-41f3-91b4-5fd644072e5e	2R_RaGOO	8719123	8720251
DMRT1A$2R_RaGOO$3571985$3576878	279c730d-d39e-4eb7-8c48-c737cc15924d	2R_RaGOO	3548497	3576970
DMCR1A$3L_RaGOO$23030032$23034246	a30239e6-cdc7-4438-85da-d618863dc285	3L_RaGOO	23031183	23034723
DMRT1B$X_RaGOO$18329002$18330754	bf259c65-24bc-416f-9a09-2a3e74eb35c0	X_RaGOO	18329012	18331154
DMCR1A$X_RaGOO$21903539$21904054	99034ae6-ff70-4ac0-8d1e-6ae61bdec07e	X_RaGOO	21903566	21906832
NOMAD_LTR$X_RaGOO$14781769$14789300	01a073b1-a07f-43fa-86f0-b58e988ab5f4	X_RaGOO	14783025	14802473
DMRT1B$2R_RaGOO$4307312$4314886	ad156402-8624-440e-97f0-11018d117d45	2R_RaGOO	4297592	4315558
Gypsy2_LTR$4_RaGOO$1140658$1140992	34e2bf49-106a-499d-8ccb-b0ec52f0c04f	4_RaGOO	1137164	1140717
DNAREP1_DM$2R_RaGOO$955037$955233	43d53829-5cc4-442d-9f80-5d02ee764314	2R_RaGOO	953891	955308
M4DM$3R_RaGOO$18819049$18819386	e55ef6bd-a817-4f83-9166-2b474e524479	3R_RaGOO	18818906	18819945
HOBO$2R_RaGOO$16868949$16869869	23bc88d9-090e-4615-80bd-c207abf44d22	2R_RaGOO	16862219	16869568
DNAREP1_DM$2R_RaGOO$955037$955233	6a220955-f928-4566-8861-08b9b7fc95ec	2R_RaGOO	953949	955310
FB4_DM$4_RaGOO$769101$769563	890fdd0a-04b7-4d76-804b-be8b16b3a080	4_RaGOO	769254	770863
DNAREP1_DM$4_RaGOO$196058$196261	a6a7b08e-c32b-4c72-b111-8e401dccdb50	4_RaGOO	194540	196097
Gypsy12A_LTR$2R_RaGOO$1008118$1011100	a357bb71-dd08-4d26-a3d5-772fcf099f6e	2R_RaGOO	1008663	1023208
DNAREP1_DM$3R_RaGOO$3804446$3804665	26b72494-2bab-4288-b86f-cba6404d19b0	3R_RaGOO	3804507	3807442
DNAREP1_DM$3R_RaGOO$3884337$3884773	f7f3bad4-cd2d-4e11-8e07-a31ad61b12b0	3R_RaGOO	3884721	3885271
DNAREP1_DM$3R_RaGOO$3804446$3804665	12ed15b2-6add-4b01-92b9-396dc0b61a1b	3R_RaGOO	3804482	3807447
TC1_DM$3L_RaGOO$23777905$23779280	0b6b4c2f-d01d-4d89-a0e5-32f8f4e8c10d	3L_RaGOO	23778677	23781847
DNAREP1_DM$3R_RaGOO$5952853$5953133	73ac40f5-4148-4d28-b306-e6541251f37a	3R_RaGOO	5949736	5953334
BLASTOPIA_I$3L_RaGOO$24027370$24031886	55c3e1eb-a379-48aa-8710-8eeb620532ef	3L_RaGOO	24029423	24035655
DNAREP1_DM$2R_RaGOO$3773662$3774116	3f9e7e45-fcaf-4d78-af11-893a578b8e23	2R_RaGOO	3773834	3774845
DMRT1B$X_RaGOO$18329002$18330754	4e5f9a5d-0542-4bb9-aa43-9634dafaeeb7	X_RaGOO	18329012	18331175
DNAREP1_DM$2R_RaGOO$8719298$8719543	8a03b48b-4d35-4afd-8e9d-6bb6f25f81ea	2R_RaGOO	8719097	8720396
DNAREP1_DM$2R_RaGOO$955037$955233	d181b3ab-e78e-4b45-a618-88aaeccfdaee	2R_RaGOO	953891	955305
DNAREP1_DM$4_RaGOO$1186332$1186735	50a4d702-0263-4efa-b96a-5e1bd520c7fd	4_RaGOO	1186484	1188282
DNAREP1_DM$3R_RaGOO$3804446$3804665	2ba1fc33-2cbc-47ed-93f4-50939a5ca118	3R_RaGOO	3804491	3807444
ACCORD2_I$4_RaGOO$315790$316010	921dd8f4-58e1-4a8d-817c-3008dd42bffb	4_RaGOO	308262	316523
Gypsy8_I$2R_RaGOO$2534282$2536641	4084d2c3-f98d-472d-830f-c1429d255b65	2R_RaGOO	2533391	2536211
DNAREP1_DM$4_RaGOO$1186332$1186735	d0264d1f-d450-42f8-b7b0-f927993a0ff6	4_RaGOO	1186484	1188269
PROTOP$2L_RaGOO$19826381$19830602	b6aa34c7-e40f-4bde-b7f2-8649d4cfbc56	2L_RaGOO	19804697	19829488
DMRT1C$X_RaGOO$19435774$19437014	b6a615f5-1060-4064-8df8-7ae94610e406	X_RaGOO	19434566	19437016
FB4_DM$4_RaGOO$769101$769563	a5d20370-ab0d-4c6c-8c70-06bfc84be624	4_RaGOO	769238	770945
HMSBEAGLE_I$3L_RaGOO$20040518$20046596	93aa9e45-b0d2-45b2-9a78-61e1f94cc692	3L_RaGOO	20026668	20046136
DMRT1C$2R_RaGOO$2175589$2176288	08652164-0a2d-4170-83ad-f3ae59ba375d	2R_RaGOO	2175222	2186303
DNAREP1_DM$3R_RaGOO$3804446$3804665	bb1bc251-896b-4193-9808-85f48f8d58c2	3R_RaGOO	3804493	3807434
DNAREP1_DM$2R_RaGOO$4901613$4901964	184e1f3b-d6c2-474d-ac76-6b40b685171c	2R_RaGOO	4901742	4905303
G_DM$3L_RaGOO$22645435$22645864	0c79bab1-e51b-4be4-b404-44a684498062	3L_RaGOO	22645024	22645850
DNAREP1_DM$2R_RaGOO$4901613$4901964	8b066abe-5fe3-426e-bc0a-cd19f51d6a11	2R_RaGOO	4901818	4905303
STALKER4_I$3L_RaGOO$25944955$25950885	51a21233-80e5-4a1c-8df9-81a82f468803	3L_RaGOO	25926602	25949315
DNAREP1_DM$2R_RaGOO$4034685$4034851	d17ca8e2-14bd-4c6c-a766-7cdc7852477b	2R_RaGOO	4034827	4040534
DNAREP1_DM$3R_RaGOO$3804446$3804665	282be2a0-5fde-437b-88ee-427403f6bf69	3R_RaGOO	3804482	3807442
PROTOP_B$2L_RaGOO$22342065$22342964	1f447ae2-5220-46ae-84af-007021ba3e3a	2L_RaGOO	22341213	22342341
DIVER2_I$3L_RaGOO$23524899$23525698	1a586386-f5fb-4764-91d1-928a0ba80d83	3L_RaGOO	23521643	23526947
DNAREP1_DM$2R_RaGOO$3773662$3774116	817e78dd-c786-47da-80fe-3218690f0dab	2R_RaGOO	3773232	3774842
DNAREP1_DM$3R_RaGOO$3804446$3804665	1173bff1-77c1-4f9c-a54a-c8cd2715134b	3R_RaGOO	3804482	3807442
HETA$X_RaGOO$85920$94840	f6471c5a-2531-4607-9d6e-39615ba5da97	X_RaGOO	6123	93322
Gypsy12_I$2R_RaGOO$2533072$2533363	d3c4c2ed-9253-44e0-80e8-d9395bbdcfaa	2R_RaGOO	2533332	2533780
ACCORD_LTR$2R_RaGOO$10965448$10972654	680124db-186a-454d-879b-b0443a110b20	2R_RaGOO	10962757	10989102
FB4_DM$4_RaGOO$769101$769563	90693597-3bdc-4442-adb4-640be6f9f60f	4_RaGOO	769247	770822
Transib5$2R_RaGOO$1408809$1410193	08b0d29d-b4cf-4f16-8504-8ff7b707e3f8	2R_RaGOO	1390723	1409810
HETA$X_RaGOO$85920$94840	9bcff004-47ca-4e60-88ec-e5f05709d630	X_RaGOO	4388	95197
LINEJ1_DM$3L_RaGOO$4182652$4182990	aebc48fd-3189-4a5a-a658-57f04043f017	3L_RaGOO	4182637	4183587
IVK_DM$2R_RaGOO$2603345$2606021	e67b991c-4bdb-4662-974d-62fc1b9c5a8e	2R_RaGOO	2549582	2606178
IVK_DM$3L_RaGOO$19656431$19661800	9755d33a-f2e8-4a9f-8759-86592acf9e03	3L_RaGOO	19630896	19661768
DNAREP1_DM$3L_RaGOO$11695931$11696113	8259bd05-a486-409d-a058-003204c28add	3L_RaGOO	11695524	11696863
QUASIMODO_I$3L_RaGOO$26104647$26105994	7360e24e-955f-444a-98d5-5a31093cfc11	3L_RaGOO	26105810	26125736
DNAREP1_DM$4_RaGOO$951339$951813	89c999e5-ef4b-4665-b4c4-6c7f2222fd23	4_RaGOO	951192	952798
M4DM$3R_RaGOO$18819049$18819386	5aa0d672-7bd2-4253-b4b5-d57c0f4196c8	3R_RaGOO	18818985	18819953
TC1-2_DM$2R_RaGOO$4626630$4627924	e651febf-3eed-4c13-bb7c-15243e84794a	2R_RaGOO	4627680	4628568
M4DM$3R_RaGOO$18819049$18819386	7b9ed1a2-229b-4eff-869a-6cc6ac653cb1	3R_RaGOO	18818906	18819947
G_DM$3L_RaGOO$22645435$22645864	66426fe5-715b-4d25-a51f-0865e4189d32	3L_RaGOO	22644473	22645836
DNAREP1_DM$3R_RaGOO$5952853$5953133	b64b053f-1af1-4bc0-b609-883ee8106efe	3R_RaGOO	5949689	5953281
DNAREP1_DM$3R_RaGOO$3804446$3804665	2a8bb2de-c263-4194-9c72-0b4724f5e98c	3R_RaGOO	3804516	3805982
DNAREP1_DM$4_RaGOO$1186332$1186735	1a459cb2-40bd-4c76-92e1-1770efc2d965	4_RaGOO	1186492	1188255
DNAREP1_DM$2R_RaGOO$1818747$1818920	392904c1-c3b1-41cc-97f5-27172446c560	2R_RaGOO	1818753	1819518
BURDOCK_LTR$2L_RaGOO$4499214$4501787	9dce66f4-e570-4f78-ae66-43df36b70557	2L_RaGOO	4499063	4503108
FB4_DM$4_RaGOO$769101$769563	0bea2495-e24e-4db5-aac1-4712460a9165	4_RaGOO	769253	771032
FB4_DM$4_RaGOO$769101$769563	090605eb-7f52-4856-8801-4d61ba922051	4_RaGOO	769318	770799
DNAREP1_DM$4_RaGOO$1186332$1186735	fd9750b1-b10a-4db5-8726-f9f0e816c681	4_RaGOO	1186488	1188288
DNAREP1_DM$4_RaGOO$456468$456655	5dc63cb6-ecba-4a03-894d-90c62a190ec5	4_RaGOO	455858	457061
DNAREP1_DM$2R_RaGOO$955037$955233	233b9338-cb9e-4fc4-953d-58046051bf7d	2R_RaGOO	953891	955314
FB4_DM$4_RaGOO$769101$769563	c0de3ca5-bc7d-474e-916a-167af7576bc9	4_RaGOO	769239	770989
DNAREP1_DM$2R_RaGOO$4340677$4340855	b939236f-975b-4084-bd1c-2ca57544bec8	2R_RaGOO	4340349	4341419
DNAREP1_DM$4_RaGOO$644595$644769	bd963714-25db-499a-ba63-6ca7b69f90da	4_RaGOO	644592	646355
HETA$X_RaGOO$85920$94840	d81a8903-b68d-46ea-b5d9-f9ec37df534a	X_RaGOO	79423	93410
BURDOCK_LTR$2L_RaGOO$4499214$4501787	406b1952-7645-4cc1-8a1e-b0386e13e7fb	2L_RaGOO	4499109	4503108
DMCR1A$4_RaGOO$444159$447557	e242af9c-da7a-40b4-a39f-50c2e205eff1	4_RaGOO	444253	449856
G5_DM$3R_RaGOO$5264596$5267762	4b974758-7c9f-4fd0-8167-875282259aa7	3R_RaGOO	5264617	5268796
DNAREP1_DM$3R_RaGOO$3804446$3804665	a43218d7-ce2a-4bd5-adf8-c7078f52ca6c	3R_RaGOO	3804480	3807419
XDMR$X_RaGOO$12845250$12845727	8a13c717-659b-43ff-8818-0f1e68afaa34	X_RaGOO	12844773	12845391
Transib5$2R_RaGOO$1408809$1410193	242c4ca9-b16d-4873-9de0-fd93c4010f2c	2R_RaGOO	1390707	1409820
HETA$X_RaGOO$85920$94840	0ea5a870-8756-4cf5-ba08-6c0a6b685c1a	X_RaGOO	4146	94945
LINEJ1_DM$X_RaGOO$15120408$15120954	ef159f30-f918-44dc-ac43-d6cf297ed6be	X_RaGOO	15120382	15137011
DNAREP1_DM$3R_RaGOO$3804446$3804665	40449c8f-c685-455a-bd41-09ca84802daa	3R_RaGOO	3804482	3807439
DNAREP1_DM$3R_RaGOO$3804446$3804665	b477f254-ff1c-4a6e-a8af-acf5acf14e26	3R_RaGOO	3804497	3807442
DNAREP1_DM$2R_RaGOO$955037$955233	2fc7ec7b-4b33-4b2c-972a-f1fa0996a8f3	2R_RaGOO	953889	955305
M4DM$3R_RaGOO$18819049$18819386	38c1b001-94c1-4060-aaa9-6d81e4bf8f05	3R_RaGOO	18818906	18819982
DM176_LTR$3L_RaGOO$20033243$20040251	47326df6-54d4-422f-bf38-87c761f00b7a	3L_RaGOO	20026755	20039877
POGO$2R_RaGOO$7201268$7202754	9b8b0c43-34af-4944-b1b8-141590f7271d	2R_RaGOO	7201354	7202758
BLASTOPIA_I$3L_RaGOO$24027370$24031886	a84fbecf-a2e0-4189-bee6-fd2cbff302c2	3L_RaGOO	24029423	24035655
M4DM$3R_RaGOO$18819049$18819386	f37c76a7-53c7-4f08-be24-128a141ae5b5	3R_RaGOO	18818906	18819979
DOC6_DM$X_RaGOO$19194485$19198701	71a4a2b5-00ee-4337-9f6c-3d2b6eb4df58	X_RaGOO	19197356	19200810
DNAREP1_DM$2R_RaGOO$955037$955233	f188fb4b-dfe9-41e5-aa6b-1fcc757dec2c	2R_RaGOO	953891	955305
DNAREP1_DM$X_RaGOO$18357502$18357930	6d5c38f3-c08a-4eea-ac30-d097d4de48b6	X_RaGOO	18357788	18359085
FB4_DM$4_RaGOO$914235$914604	0561a839-56aa-409f-a114-87b30f9fe4c9	4_RaGOO	914277	920770
TRANSIB2$2R_RaGOO$1819719$1821473	e9835d6f-69d8-4aa8-b628-34e5227095f2	2R_RaGOO	1818976	1820148
G_DM$3L_RaGOO$22645435$22645864	213ba1e3-f8e4-4aa8-902f-6bc3c7421a60	3L_RaGOO	22644473	22645826
MAX_LTR$3L_RaGOO$24648779$24662153	43de2230-c009-45ed-a01d-ddbec9938329	3L_RaGOO	24595262	24772766
Gypsy6_I$2R_RaGOO$972110$979166	78bf135e-c35d-4d90-9240-f2d35ce5ffaf	2R_RaGOO	954290	978229
M4DM$3R_RaGOO$18819049$18819386	a1e35b4e-d3de-4760-93fa-7a1f3725cef8	3R_RaGOO	18819007	18819951
ZAM_I$2L_RaGOO$21996184$22001667	61a826f9-56f8-4fd8-97d3-bf9aba40dd41	2L_RaGOO	21997459	22006640
DNAREP1_DM$3R_RaGOO$3804446$3804665	43b4c220-6f1a-4b4b-8c7c-702c9cfbd2d4	3R_RaGOO	3804480	3807445
FB4_DM$4_RaGOO$456811$457356	615fb26f-ff4d-417b-a0c3-87aedc3a887f	4_RaGOO	455887	457412
MAX_I$2L_RaGOO$22373838$22379089	3a3b7de9-60f0-4b00-ac15-a79e161761ee	2L_RaGOO	22368908	22379170
M4DM$3R_RaGOO$18819049$18819386	55ee2d48-4b5a-4a05-8e8d-c88ccf96b22a	3R_RaGOO	18819004	18819657
DNAREP1_DM$3R_RaGOO$3804446$3804665	732c4591-b9e3-4f9c-a720-0f624aa9fa2c	3R_RaGOO	3804526	3807442
DNAREP1_DM$4_RaGOO$1186332$1186735	3d05db03-eee3-4bb5-8c93-551d62390673	4_RaGOO	1186492	1187716
Transib5$2R_RaGOO$1408809$1410193	e8eabc3a-2166-435d-bb23-913072b96bf7	2R_RaGOO	1390677	1409846
DNAREP1_DM$3R_RaGOO$3976810$3976994	d68c13a3-7949-4157-beb0-249ec744ee17	3R_RaGOO	3975722	3976986
DNAREP1_DM$2R_RaGOO$955037$955233	38e3e46b-4533-4bbd-8711-0c54b5e87061	2R_RaGOO	953870	955303
MAX_I$3R_RaGOO$3441502$3441870	37457908-f8da-481f-ac49-5baca1cb3070	3R_RaGOO	3437494	3442381
Gypsy12A_LTR$2R_RaGOO$1008118$1011100	01b83c97-dd87-4cfa-9c2f-18b72c7bf504	2R_RaGOO	1008625	1028955
DM297_LTR$4_RaGOO$1229182$1232068	61f39afa-c86f-4010-9560-0636abc5b793	4_RaGOO	1231499	1239881
FB4_DM$4_RaGOO$769101$769563	907ae6ef-90d0-4b6c-9fe1-d48d915a8f4e	4_RaGOO	769236	771018
DNAREP1_DM$4_RaGOO$1186332$1186735	119b24f0-8d19-4e6f-94c3-0a0d16894b02	4_RaGOO	1186489	1188269
TC1-2_DM$2R_RaGOO$4626630$4627924	188e185b-ae63-42b0-98e8-8d5700e93ac7	2R_RaGOO	4627793	4628542
BATUMI_LTR$2R_RaGOO$3169212$3182879	26e9067f-775e-46c4-ae48-bdc5fd3309e9	2R_RaGOO	3136945	3176684
TRANSPAC_LTR$3L_RaGOO$1562415$1567666	cf11ac3a-c14e-4576-b979-93fb4f413b8a	3L_RaGOO	1557176	1563875
DNAREP1_DM$X_RaGOO$16078418$16078817	2885631e-5780-4162-b784-3780a0ce8af4	X_RaGOO	16078712	16079975
DNAREP1_DM$2R_RaGOO$4901613$4901964	b1b48749-94ba-414f-813d-bd9f20ee1630	2R_RaGOO	4901791	4905354
DIVER2_I$2R_RaGOO$3973922$3976557	15ec7e59-e823-4b05-8fb2-f47462bffe16	2R_RaGOO	3918645	3974877
POGO$2R_RaGOO$7201268$7202754	3cdb8080-44cb-4e42-b010-2d9223cdaf0b	2R_RaGOO	7201335	7202758
DNAREP1_DM$3R_RaGOO$3804446$3804665	30246a1f-0ab1-4d17-84cc-49ef7af3cf37	3R_RaGOO	3804514	3807335
DNAREP1_DM$3R_RaGOO$3804446$3804665	1a0b13b6-4af2-418c-8d7a-5beb7980ead7	3R_RaGOO	3804516	3807442
Gypsy8_I$2R_RaGOO$2534282$2536641	7b91d9f2-ffce-4ee4-8d61-1dc2ae44ccc6	2R_RaGOO	2533433	2536226
FB4_DM$2R_RaGOO$5938682$5940343	bb70fa1f-a662-4555-a078-ab000c8a311c	2R_RaGOO	5938862	5943441
ACCORD_LTR$2R_RaGOO$10965448$10972654	cdab7bdd-b763-44c9-b8e9-3b61f1e72f7c	2R_RaGOO	10964308	10989108
Gypsy4_LTR$3R_RaGOO$1217683$1224461	8cd12a6e-7ec7-4516-bba3-6253e0ef618d	3R_RaGOO	1217675	1334564
TRANSPAC_LTR$3R_RaGOO$21217775$21223024	b874b18f-674d-44e9-a555-17d0d6388f62	3R_RaGOO	21219289	21227240
DNAREP1_DM$3R_RaGOO$3804446$3804665	dd9bae1e-941d-4be7-8641-34bac6b39457	3R_RaGOO	3804514	3807442
BURDOCK_LTR$2L_RaGOO$4499214$4501787	41e5ecd4-9e0a-4f1a-8f1a-280d78ce5dbf	2L_RaGOO	4499171	4503083
G_DM$3L_RaGOO$22645435$22645864	448459a7-96d9-49e0-bcbb-3485a5ebb425	3L_RaGOO	22644473	22645836
DNAREP1_DM$2R_RaGOO$955037$955233	81a52a40-053d-48ab-a283-96a6caf31016	2R_RaGOO	953891	955194
DMRT1B$X_RaGOO$18329002$18330754	cdbe7e1f-1f89-41d4-ad0b-47cc27099d21	X_RaGOO	18329015	18331167
DMCR1A$X_RaGOO$21903539$21904054	4bd6a6b2-3b8c-46c7-8517-46d18da92b2e	X_RaGOO	21903514	21907269
Gypsy8_I$2R_RaGOO$2534282$2536641	c9761e06-8a07-4a1e-a534-f7c0f5cf42fa	2R_RaGOO	2533453	2536218
DIVER2_I$2R_RaGOO$3973922$3976557	aead36d7-ddc8-48a8-81d5-37cbff03e2f5	2R_RaGOO	3921385	3974880
TART_B1$2R_RaGOO$23920095$23923160	3f9ea70c-00e3-472c-9529-a37993bf65ce	2R_RaGOO	23910185	23923113
Gypsy8_I$2R_RaGOO$2534282$2536641	2db4671f-f0e1-47c6-8f60-a273dd244c62	2R_RaGOO	2533332	2536246
DIVER2_I$2R_RaGOO$3973922$3976557	894caa73-0d07-4cf0-a5b6-f84350ef8749	2R_RaGOO	3921605	3974841
M4DM$3R_RaGOO$18819049$18819386	a90740ef-2072-4a15-ad6f-a351fc00c070	3R_RaGOO	18818985	18819951
Gypsy12A_LTR$2R_RaGOO$1008118$1011100	489f4cd7-fa97-4a8d-bf14-e96c529ae771	2R_RaGOO	1008640	1028947
FB4_DM$4_RaGOO$769101$769563	dcf0482e-48cd-4666-bca5-14002f2b4fba	4_RaGOO	769316	770626
DMCR1A$X_RaGOO$21903539$21904054	f54571df-1fc8-4e91-9b81-ea8aea82c44d	X_RaGOO	21903520	21906810
DNAREP1_DM$3R_RaGOO$3976810$3976994	f0549bb7-e5cf-4cb0-afac-7b4fc3c72aa1	3R_RaGOO	3976489	3976897
FB4_DM$4_RaGOO$769101$769563	025754c4-912e-445c-a569-4f164c11aff7	4_RaGOO	769234	771042
TRANSPAC_LTR$2R_RaGOO$15245759$15251009	445bf631-70d7-477e-9b7a-a6f9d86ca258	2R_RaGOO	15246995	15269492
G5A_DM$3L_RaGOO$24863962$24865755	1ceca0f4-72e1-4765-9b88-703f4721fcf5	3L_RaGOO	24851054	24866670
DNAREP1_DM$3R_RaGOO$3804446$3804665	3c7c7b13-acdc-4ead-b1b3-039ddf591876	3R_RaGOO	3804466	3807446
TRANSIB4$2R_RaGOO$3456054$3457884	00e434cd-80dd-47f0-9b6d-7ae0fd07de95	2R_RaGOO	3454942	3456245
DNAREP1_DM$2R_RaGOO$1818747$1818920	622030ea-ce3b-4a81-89e2-9ac1530a221b	2R_RaGOO	1818815	1819518
DNAREP1_DM$4_RaGOO$658454$659354	f07bc0c8-847e-4696-85dd-a22a5cf31c34	4_RaGOO	656691	659530
DNAREP1_DM$4_RaGOO$456468$456655	fbe026a6-d950-45b3-9dec-fe66e2c9308f	4_RaGOO	455845	457061
BURDOCK_LTR$2L_RaGOO$4499214$4501787	861de384-f230-48a0-9c52-937e8565c946	2L_RaGOO	4499130	4503108
M4DM$3R_RaGOO$18819049$18819386	cca5d399-56d4-45f9-b796-2e2b61c90f3b	3R_RaGOO	18818911	18819951
G_DM$3L_RaGOO$22645435$22645864	b3c6c015-5b41-4956-b6fb-b33d07d8ea46	3L_RaGOO	22645038	22645862
HETA$X_RaGOO$85920$94840	5c1e13f6-2ff2-4658-a199-574db47f0eab	X_RaGOO	4141	93279
DNAREP1_DM$2R_RaGOO$955037$955233	2b695288-6584-40cd-8c5c-f117198ed7b1	2R_RaGOO	953891	955305
TC1-2_DM$2R_RaGOO$4626630$4627924	67dbc276-55b0-44d6-91b5-c3040c134561	2R_RaGOO	4627780	4628572
DMRT1C$3L_RaGOO$24060932$24063909	752b8177-2733-464b-9346-4504e437a09d	3L_RaGOO	24049531	24063178
DNAREP1_DM$2R_RaGOO$955037$955233	ac85402e-176f-4e2a-bccb-f98de8d7d825	2R_RaGOO	953876	955310
MAX_I$2L_RaGOO$22373838$22379089	8eaccb13-348d-445b-9081-2abb4c7f16be	2L_RaGOO	22368585	22379207
BATUMI_LTR$2R_RaGOO$3169212$3182879	bfc1b4c2-09fe-4f11-a9b9-78a6816eea3c	2R_RaGOO	3119166	3177188
Gypsy8_I$2R_RaGOO$2534282$2536641	90c79862-ca44-4232-aa82-23e64692a5cb	2R_RaGOO	2533360	2536235
Gypsy8_I$2R_RaGOO$2534282$2536641	66f02863-f9e5-4032-94e0-736eac6504b9	2R_RaGOO	2533327	2536190
TART_B1$2R_RaGOO$23920095$23923160	a9ae039b-d605-4a92-b0a5-6c9ff977383a	2R_RaGOO	23909704	23923118
DNAREP1_DM$3L_RaGOO$20208715$20209384	449cb81c-fe3f-4a65-aa5b-cb6191ba659a	3L_RaGOO	20208641	20210297
DNAREP1_DM$2L_RaGOO$10941726$10942008	af599a24-d31e-493d-8971-40704388cd83	2L_RaGOO	10939643	10941955
ACCORD_LTR$2R_RaGOO$10965448$10972654	b15621ce-80a9-4cc0-b915-c4c7458c893d	2R_RaGOO	10962699	10989114
BATUMI_LTR$3L_RaGOO$23411040$23411325	c511199a-b032-4cbc-b949-6c9eb42a97ef	3L_RaGOO	23410659	23434040
DNAREP1_DM$2R_RaGOO$1427134$1428031	799b0c4c-802b-4ea8-a8cb-9af7410c4e1e	2R_RaGOO	1427339	1441937
BLASTOPIA_I$3L_RaGOO$24027370$24031886	7e4d2f08-192a-4b2f-a8d6-28af8cf6f9f1	3L_RaGOO	24029442	24035634
HETA$X_RaGOO$85920$94840	2bf9c9c8-8224-4660-83f2-54b39d46630a	X_RaGOO	4146	95329
DNAREP1_DM$3R_RaGOO$5274265$5274458	6a804c7b-4648-4bcb-91d0-947671cf66fe	3R_RaGOO	5274415	5275110
M4DM$3R_RaGOO$18819049$18819386	9ec876eb-c412-4dde-8160-aedaf6f31292	3R_RaGOO	18818906	18819971
DNAREP1_DM$2R_RaGOO$955037$955233	3cfc92b4-3ced-4163-9182-bddef7abae8a	2R_RaGOO	953892	955304
ACCORD_LTR$2R_RaGOO$10965448$10972654	b549e2c6-c17f-49f6-9d71-b2118278208e	2R_RaGOO	10962701	10989101
DNAREP1_DM$2R_RaGOO$4901613$4901964	da26027c-7c7c-4296-9c09-eeacd9159bb6	2R_RaGOO	4901776	4905356
DNAREP1_DM$2R_RaGOO$1818747$1818920	2a2264b3-19b0-402e-a43a-265a58c293b0	2R_RaGOO	1818752	1819518
Gypsy8_I$2R_RaGOO$2534282$2536641	8818b83c-46ce-4da1-871c-2429e2b8d371	2R_RaGOO	2533319	2536246
DMRT1B$2R_RaGOO$4307312$4314886	0360b822-8345-42da-b207-006c1b822d8f	2R_RaGOO	4301246	4315640
POGO$2L_RaGOO$2955877$2958004	15b1ca12-2485-4fd0-ab2e-5b60fb6f3eea	2L_RaGOO	2955958	2958007
FB4_DM$4_RaGOO$769101$769563	ac066eeb-ba2d-46c1-9b4e-6e6afbdb1810	4_RaGOO	769341	770989
XDMR$X_RaGOO$12845250$12845727	2550a272-32a7-40ef-a068-5252b6b148f6	X_RaGOO	12844900	12845477
DNAREP1_DM$3R_RaGOO$3804446$3804665	b881bc3a-d44d-4d94-94b3-892586d13bf9	3R_RaGOO	3804466	3806132
TRANSIB2$2L_RaGOO$22428236$22429333	5ed17a65-6bde-47ff-a084-dea0969f2f0d	2L_RaGOO	22419227	22428481
HETA$X_RaGOO$85920$94840	29aa7697-6c21-4640-89bd-e1661476c41e	X_RaGOO	4141	95281
DNAREP1_DM$3L_RaGOO$26107782$26108245	381b4f6a-f1ab-479a-a725-f7b43b7e38ca	3L_RaGOO	26105794	26108066
M4DM$3R_RaGOO$18819049$18819386	07ca0245-fdae-4057-b34f-4df9d4f8829e	3R_RaGOO	18818906	18819951
DNAREP1_DM$2L_RaGOO$21521532$21521832	48579c39-fc7f-4a44-8e1a-059d3adbaf0c	2L_RaGOO	21521304	21523046
Gypsy8_LTR$2R_RaGOO$3648372$3648592	01bd8254-255f-4bde-a738-d23368c4d3a9	2R_RaGOO	3643038	3648861
DNAREP1_DM$4_RaGOO$1119403$1119867	79d433dc-62b8-4c00-a193-dd6d8222ad12	4_RaGOO	1117092	1119543
Bica_I$2R_RaGOO$302236$306498	6bfb821f-9448-4439-9a65-cbbd697b0b9a	2R_RaGOO	303483	324808
Gypsy6_I$2R_RaGOO$972110$979166	4dee92f0-a5de-475b-b359-53ccf95a6e03	2R_RaGOO	953911	976951
DNAREP1_DM$2R_RaGOO$3598003$3598607	68a1ff04-f66a-4fd7-bbc2-37614df4a114	2R_RaGOO	3590247	3598952
DNAREP1_DM$3R_RaGOO$3804446$3804665	b2c70e95-5ec0-4858-b00a-c3f1652dfc90	3R_RaGOO	3804461	3807442
G_DM$3L_RaGOO$22645435$22645864	ece3dd8b-da1e-4adc-b989-6221974d29b4	3L_RaGOO	22644473	22645859
M4DM$3R_RaGOO$18819049$18819386	38ab435a-da6c-47b0-84ed-4e19c39cdb38	3R_RaGOO	18818906	18819982
DNAREP1_DM$3R_RaGOO$5274265$5274458	1e1bb785-2238-4b82-9ae8-d11589d5c1f7	3R_RaGOO	5274124	5275128
ACCORD2_I$4_RaGOO$315790$316010	b0a57b7c-d172-4ede-9cdf-4f223a387a7f	4_RaGOO	308262	316525
HETA$X_RaGOO$85920$94840	2d91341b-0d47-42d1-b25c-7f915408aa9a	X_RaGOO	4146	95205
DNAREP1_DM$4_RaGOO$1186332$1186735	377bc2ea-ffa9-4d3a-ae19-c00293dbd263	4_RaGOO	1186500	1188255
DNAREP1_DM$3R_RaGOO$3804446$3804665	e27a92eb-fe38-4b0f-b608-6d56062fad07	3R_RaGOO	3804470	3807442
FB4_DM$3R_RaGOO$4811780$4813400	78088a9f-6e4a-408a-8a18-c160f506ca22	3R_RaGOO	4811896	4814663
Gypsy12A_LTR$2R_RaGOO$1008118$1011100	402ad83c-6155-47b1-bf5d-9e22e1149ab5	2R_RaGOO	1008664	1029019
DNAREP1_DM$2R_RaGOO$4901613$4901964	a53796ae-fd3e-48b2-a30c-79d2dfece473	2R_RaGOO	4901817	4905349
DOC6_DM$X_RaGOO$19194485$19198701	c3307247-e6fe-4d9b-be04-2ccc978135b5	X_RaGOO	19197644	19200804
ACCORD_LTR$2R_RaGOO$10965448$10972654	8f67a932-f330-474c-b112-9ebdaa5df883	2R_RaGOO	10964587	10989118
G_DM$3L_RaGOO$22645435$22645864	f0cea6a4-c313-4479-9bc1-d61c9c8dd7bb	3L_RaGOO	22645024	22645860
G_DM$3L_RaGOO$22645435$22645864	16eeba7d-43f1-423c-9a2c-864f6c7991c1	3L_RaGOO	22644479	22645862
DNAREP1_DM$4_RaGOO$1257458$1258619	c8441386-b805-4a28-a106-095bd5eb87be	4_RaGOO	1258323	1262676
MAX_I$2L_RaGOO$22373838$22379089	1006b126-f412-48ae-8bbb-67c9062d191b	2L_RaGOO	22369180	22379188
DMRT1B$X_RaGOO$18329002$18330754	d9a0072a-4910-4f53-b81b-54a05d2c14ca	X_RaGOO	18328983	18331161
DNAREP1_DM$2R_RaGOO$4901613$4901964	bc7110f3-1d16-4d8e-ace1-efd45d5ae3d3	2R_RaGOO	4901782	4905438
DNAREP1_DM$3R_RaGOO$3804446$3804665	414efbbe-2f6f-415a-965e-99adc637ef16	3R_RaGOO	3804501	3807446
DNAREP1_DM$2L_RaGOO$20881393$20881695	6bd650b1-3ddd-4731-b986-05c58525ea25	2L_RaGOO	20881555	20885367
HETA$X_RaGOO$85920$94840	1cb6ae49-1623-4204-83d8-3fe721c97789	X_RaGOO	5638	94118
DNAREP1_DM$2R_RaGOO$955037$955233	9d43c16f-b806-4f43-a944-057f14840140	2R_RaGOO	953891	955312
DNAREP1_DM$4_RaGOO$1186332$1186735	03f9e2cf-84b1-4200-b980-1e24bd19fd0d	4_RaGOO	1186502	1187931
FB4_DM$2L_RaGOO$21750894$21752491	cfd35721-0e90-4e75-bc95-058cbf0f4f00	2L_RaGOO	21749978	21751185
M4DM$3R_RaGOO$18819049$18819386	c14652d7-2239-4adf-be45-679c4b29a81f	3R_RaGOO	18819007	18819951
Gypsy12A_LTR$2R_RaGOO$1008118$1011100	9911663b-2809-4be7-8847-6cfe7c91a58f	2R_RaGOO	1008653	1029019
DMRT1B$X_RaGOO$18329002$18330754	f90194c0-24d7-4dad-9bea-4657cfb106ae	X_RaGOO	18328991	18330893
POGO$2R_RaGOO$7201268$7202754	2a6bdb74-6e7b-460c-9f98-93091475ea78	2R_RaGOO	7201341	7202765
DIVER_I$2L_RaGOO$22056229$22066255	ac133556-5d89-42ea-a6ea-46ab79541078	2L_RaGOO	22044792	22065348
DNAREP1_DM$3R_RaGOO$3804446$3804665	0b0df405-f334-4b7a-b09a-a4b125e2fc72	3R_RaGOO	3804446	3807446
Gypsy8_I$2R_RaGOO$2534282$2536641	bfa7c276-da86-44c5-a745-8f1e8ccb863d	2R_RaGOO	2533462	2536246
DMRT1C$X_RaGOO$19679066$19680823	65926960-4e42-4585-a175-723afd3966dc	X_RaGOO	19678003	19680828
DNAREP1_DM$4_RaGOO$1225939$1226317	54201a2d-13b2-409b-9c0c-e61c5a19c3ea	4_RaGOO	1222689	1226505
TRANSPAC_LTR$3R_RaGOO$21217775$21223024	22b172eb-7fe3-43ab-9834-dc8a471a6624	3R_RaGOO	21219329	21227019
DMCR1A$3R_RaGOO$2325928$2326206	9f788449-446a-4618-b312-6d9074eda94d	3R_RaGOO	2325886	2326013
I_DM$X_RaGOO$20330703$20336075	01170204-0960-4eaa-ae95-03b14b674b22	X_RaGOO	20286510	20335500
MDG1_LTR$3L_RaGOO$20528217$20535562	4f51ce0e-56ce-4a76-90c8-a5c5f2adf119	3L_RaGOO	20522073	20534330
DNAREP1_DM$4_RaGOO$379041$379712	d997ef67-16f1-4327-bb4d-d52911e22522	4_RaGOO	379608	381698
DM412$2L_RaGOO$3097494$3103467	4866a2b6-655a-43b9-96ac-d1d7dc32202e	2L_RaGOO	3091849	3102761
DM176_LTR$3L_RaGOO$20033243$20040251	b71927ba-65a4-4931-b790-c78f529cc07b	3L_RaGOO	20026670	20038458
DNAREP1_DM$3R_RaGOO$3804446$3804665	d6131ba5-9b12-4ffc-905a-0b29eccc7fce	3R_RaGOO	3804512	3805990
DMRP1$3R_RaGOO$6558695$6558945	10ac5a7f-08f3-4a39-83f4-3508190491cd	3R_RaGOO	6558918	6559480
DNAREP1_DM$2R_RaGOO$955037$955233	e3668e85-bcc8-4e38-8a9a-f8b8d2b18f81	2R_RaGOO	953891	955308
DNAREP1_DM$2R_RaGOO$955037$955233	7313640e-dbaa-4efb-a8cc-f4c817acaaea	2R_RaGOO	953903	955310
DMCR1A$X_RaGOO$21903539$21904054	5a3b53df-f2f6-4c3a-b409-187dac20dfc4	X_RaGOO	21903597	21907303
DNAREP1_DM$4_RaGOO$295781$296072	d6bcf18b-db14-4d42-8458-d18c4eb4539d	4_RaGOO	292832	296004
HETA$X_RaGOO$85920$94840	183f8add-d64c-4241-a1e3-d2776da75cd5	X_RaGOO	4141	93375
DNAREP1_DM$3R_RaGOO$3606122$3607110	3cddb6f2-ce9c-485c-8974-6df504a083b0	3R_RaGOO	3606866	3609011
DNAREP1_DM$2R_RaGOO$955037$955233	a96ab7d7-651e-4062-aedd-50224d3e9bbf	2R_RaGOO	953891	955305
DNAREP1_DM$2R_RaGOO$4901613$4901964	3b8a44fe-df18-4277-b46c-649eb5662565	2R_RaGOO	4901803	4905396
DNAREP1_DM$4_RaGOO$1186332$1186735	3fb5174e-b1b7-485e-8363-288394d4232a	4_RaGOO	1186488	1188269
DNAREP1_DM$3R_RaGOO$3804446$3804665	61ccab09-fec4-4f61-9869-3341d86b5f3d	3R_RaGOO	3804478	3807436
DNAREP1_DM$3R_RaGOO$3804446$3804665	28dbbc4f-2334-4c8c-8315-a1dd2ed0c08c	3R_RaGOO	3804507	3807442
DNAREP1_DM$2R_RaGOO$4901613$4901964	33ecd4f5-6b83-4584-8c03-562664f95b80	2R_RaGOO	4901782	4905385
STALKER4_LTR$2R_RaGOO$1037038$1044050	28a27efe-e633-4aa5-af27-3fba077f4eab	2R_RaGOO	1023042	1043185
DNAREP1_DM$4_RaGOO$1186332$1186735	4ae52ada-139e-4d1b-aa25-96cc441643ef	4_RaGOO	1186484	1188291
G_DM$3L_RaGOO$22645435$22645864	13acffa2-2708-4bf2-875b-e2961b0d4153	3L_RaGOO	22645042	22645858
TC1_DM$3L_RaGOO$21112446$21113000	b9200198-a265-4e07-a10c-b4eb891f8b97	3L_RaGOO	21112337	21113445
DNAREP1_DM$2R_RaGOO$955037$955233	b9973f0a-1a42-449a-8697-018fb135445a	2R_RaGOO	953867	955256
DMRT1C$2R_RaGOO$3933784$3936439	969b2edd-a2c0-4b24-8812-8d678b75918e	2R_RaGOO	3921609	3938671
DNAREP1_DM$4_RaGOO$842257$842595	e0b735e2-b011-41dd-8bad-70a1423ddab8	4_RaGOO	841451	842377
HETA$X_RaGOO$85920$94840	7f9ed9c8-e568-4109-9dbe-1e1c8c6b2a1a	X_RaGOO	4056	94644
G_DM$3L_RaGOO$22645435$22645864	26e25584-77d7-475d-8c12-13bf0b891d8d	3L_RaGOO	22644487	22645816
DNAREP1_DM$3R_RaGOO$3804446$3804665	2d039d0c-54fc-4279-a75e-7521f4d6e6c9	3R_RaGOO	3804493	3807439
DNAREP1_DM$4_RaGOO$1186332$1186735	23834966-e277-4280-ab05-8fb1d33c0a39	4_RaGOO	1186503	1187561
DNAREP1_DM$2R_RaGOO$4901613$4901964	b7f54969-9424-4d0f-b78f-0b0bb1ccb85f	2R_RaGOO	4901782	4905299
ACCORD_LTR$2R_RaGOO$10965448$10972654	5e1e252d-a21b-4e96-9aec-1a37ae26a895	2R_RaGOO	10962762	10989111
DMRT1C$X_RaGOO$19445618$19446856	dbe5ac88-1be3-43f9-bb06-8dd86b91577c	X_RaGOO	19444482	19446858
BARI1$2L_RaGOO$21112657$21113769	d00e1c82-79cd-4f79-afec-ed047a7c133d	2L_RaGOO	21112677	21114105
DNAREP1_DM$2R_RaGOO$955037$955233	03bbef90-7377-4313-a1af-5a6feb0c6517	2R_RaGOO	954200	955310
DNAREP1_DM$3L_RaGOO$26107782$26108245	23ae8524-48d2-43a5-b025-6525560662b9	3L_RaGOO	26105816	26108058
HETA$X_RaGOO$85920$94840	4f3792ea-e87b-4d42-9d6a-ee04d9227ecb	X_RaGOO	4141	93260
FB4_DM$4_RaGOO$769101$769563	e9202548-ddbc-499c-b1b1-9e01710c1239	4_RaGOO	769237	771053
G_DM$3L_RaGOO$22645435$22645864	5ce58559-aacb-4374-8b3f-5797647a6a99	3L_RaGOO	22644480	22645834
DM176_LTR$3L_RaGOO$20033243$20040251	49516094-3fd4-44b4-9dde-78a047d6d6e9	3L_RaGOO	20026751	20037782
DNAREP1_DM$4_RaGOO$1186332$1186735	22ea7822-c127-4e37-8234-c210cd5d62b5	4_RaGOO	1186484	1188239
G6_DM$2L_RaGOO$20460743$20461401	70d83872-2f07-4c1b-a391-9b9651e27793	2L_RaGOO	20459427	20461401
ACCORD_LTR$2R_RaGOO$10965448$10972654	ee99267d-21b4-45eb-94a8-f687030d864c	2R_RaGOO	10962797	10989114
HETA$X_RaGOO$85920$94840	e38725da-f1cd-40b8-9e41-65e64c40b94e	X_RaGOO	1958	91344
TC1-2_DM$2R_RaGOO$4626630$4627924	6e64d045-1153-41c2-8d09-ef3b1badbbf1	2R_RaGOO	4627780	4628526
DOC6_DM$X_RaGOO$19194485$19198701	228d9faf-7354-4691-b9b8-71b6f50946fe	X_RaGOO	19197364	19200810
DMCR1A$X_RaGOO$21903539$21904054	cafcf207-da1b-4551-9f08-000fbad2a0f2	X_RaGOO	21903525	21907303
BURDOCK_LTR$2L_RaGOO$4499214$4501787	f63de865-61bc-416f-b321-30927c3c7ca5	2L_RaGOO	4499182	4503103
DNAREP1_DM$2R_RaGOO$4901613$4901964	57aa0234-dff9-4ddd-8740-3626004219ec	2R_RaGOO	4901801	4905322
DNAREP1_DM$4_RaGOO$1186332$1186735	b8b64a70-2f83-405a-85f9-6f08564a7d0c	4_RaGOO	1186491	1188276
DNAREP1_DM$4_RaGOO$196058$196261	8e491fe7-72a2-4af1-b33a-807c2fe9018d	4_RaGOO	194534	196091
STALKER4_I$3L_RaGOO$25944955$25950885	aed7605a-abce-42d5-aaf0-d34fafa576d9	3L_RaGOO	25920601	25949322
DIVER2_I$3L_RaGOO$24735631$24736839	8eafd569-fc96-41e4-ae9c-37f1efd37c9a	3L_RaGOO	24735410	24738398
DNAREP1_DM$2R_RaGOO$3631014$3631171	64ef8192-156e-4a32-8ed6-85346981c32a	2R_RaGOO	3630854	3631078
DNAREP1_DM$3R_RaGOO$3804446$3804665	79f67133-dee4-4d15-82cd-b692dfc9caf8	3R_RaGOO	3804493	3807442
ACCORD_LTR$2R_RaGOO$10965448$10972654	ebfbb5da-76b0-49f1-8dde-8917903bc493	2R_RaGOO	10963046	10989111
DNAREP1_DM$2L_RaGOO$18201347$18201526	1120b499-127d-4688-8839-853cc93aac6c	2L_RaGOO	18200578	18201417
DNAREP1_DM$4_RaGOO$1225939$1226317	fd9c976e-d11e-4f35-9bec-8ffc06d54ac6	4_RaGOO	1223785	1226507
BURDOCK_LTR$2R_RaGOO$1428763$1433741	b30920c7-fd5c-4ccc-be95-6b38b1a8a178	2R_RaGOO	1390728	1441943
Gypsy8_I$2R_RaGOO$2534282$2536641	23d6358b-adc3-4a6f-b9f6-fea5e81b23ce	2R_RaGOO	2533438	2536223
DNAREP1_DM$3R_RaGOO$19536671$19536947	df0a4de9-e597-4763-8c93-8f027eb6a43d	3R_RaGOO	19536181	19537021
ACCORD_LTR$2R_RaGOO$10965448$10972654	bf9859bf-9908-40e5-b97d-4e3a70b1d6f9	2R_RaGOO	10962733	10989112
POGO$2R_RaGOO$7201268$7202754	217b00b7-1050-483d-a3cc-c3ecc3ba4b47	2R_RaGOO	7201343	7202758
DNAREP1_DM$2L_RaGOO$20881393$20881695	a011da58-b269-4672-b24d-a757fe676f18	2L_RaGOO	20881553	20885626
DMRT1B$2R_RaGOO$4307312$4314886	d3e8378e-faae-4bac-8842-d0cef70e3a21	2R_RaGOO	4297622	4315582
ACCORD_LTR$2R_RaGOO$10965448$10972654	0acaff4e-8ea5-4836-a236-19e5e76ec2fd	2R_RaGOO	10962753	10989078
DNAREP1_DM$2R_RaGOO$4901613$4901964	445329d2-0c50-4280-bb82-8617f68d736f	2R_RaGOO	4901782	4905292
Stalker2_LTR$2R_RaGOO$15238139$15244515	947496a7-0082-47e7-9185-f80bdd0dea3f	2R_RaGOO	15224839	15269487
G_DM$3L_RaGOO$22645435$22645864	4ea745aa-38bc-4cb1-a8de-998c6d36f2af	3L_RaGOO	22644484	22645783
Transib5$2R_RaGOO$1408809$1410193	5d8261aa-531d-4137-b77f-a17b9608c736	2R_RaGOO	1390704	1409841
DNAREP1_DM$3R_RaGOO$3804446$3804665	d71c7f4e-55fa-4b26-85e6-c3db85e70545	3R_RaGOO	3804482	3807422
DNAREP1_DM$4_RaGOO$1186332$1186735	2f72d379-ee6c-4ad4-8128-92294746d50d	4_RaGOO	1186484	1188289
TRANSIB2$2L_RaGOO$22428236$22429333	609c5df7-7eea-4432-b847-3c64359dee93	2L_RaGOO	22419267	22428468
DNAREP1_DM$2R_RaGOO$3598003$3598607	8f77bbe7-04a6-47a2-96e3-8605a745c195	2R_RaGOO	3590239	3598630
DNAREP1_DM$2R_RaGOO$1818747$1818920	b7941dbc-6ea2-41c0-9e0f-f19525fe5995	2R_RaGOO	1818757	1819518
STALKER4_I$3L_RaGOO$25944955$25950885	7fd5ae23-55b0-4b60-96e1-7ac1889660d5	3L_RaGOO	25926605	25949362
