ROO_I$2L_RaGOO$1537349$1537503	1307
TART_B1$2L_RaGOO$11931931$11932156	341
TART_B1$2L_RaGOO$11928093$11928246	235
FB4_DM$3R_RaGOO$16914758$16917850	154
DNAREP1_DM$3L_RaGOO$26217318$26218255	107
S2_DM$2L_RaGOO$4991174$4991386	102
DNAREP1_DM$3R_RaGOO$3875559$3876019	84
ACCORD_LTR$2R_RaGOO$10965448$10972654	79
DNAREP1_DM$2R_RaGOO$955037$955233	74
DNAREP1_DM$X_RaGOO$20395667$20396021	67
DNAREP1_DM$3L_RaGOO$26181088$26181552	66
DOC$3L_RaGOO$24733562$24735608	64
DNAREP1_DM$2R_RaGOO$10918873$10919073	60
DNAREP1_DM$3R_RaGOO$3804446$3804665	58
Mariner2_DM$2R_RaGOO$6313845$6314821	43
XDMR$X_RaGOO$12845250$12845727	39
BURDOCK_LTR$3R_RaGOO$24036640$24040804	36
QUASIMODO_LTR$2R_RaGOO$19975238$19982609	35
M4DM$3R_RaGOO$18819049$18819386	35
DNAREP1_DM$4_RaGOO$1186332$1186735	34
DMCR1A$3R_RaGOO$2325928$2326206	32
PROTOP_B$3L_RaGOO$22363105$22363621	32
DNAREP1_DM$3L_RaGOO$9326561$9326959	32
DNAREP1_DM$3L_RaGOO$22474543$22474759	32
DM297_LTR$3R_RaGOO$29134004$29136461	32
G_DM$3L_RaGOO$22645435$22645864	31
ZAM_I$2L_RaGOO$21996184$22001667	31
DMRPR$3L_RaGOO$11454839$11455110	30
DNAREP1_DM$2R_RaGOO$3631014$3631171	30
G5_DM$3R_RaGOO$5264596$5267762	29
DNAREP1_DM$2R_RaGOO$14436047$14436348	29
FB4_DM$4_RaGOO$769101$769563	27
TRANSPAC_LTR$2L_RaGOO$2221225$2226474	27
DMRP1$3R_RaGOO$6059235$6059542	27
DOC$2L_RaGOO$9310102$9314822	25
DNAREP1_DM$3R_RaGOO$3974444$3974880	25
DNAREP1_DM$4_RaGOO$196058$196261	25
DNAREP1_DM$3L_RaGOO$25996855$25997637	24
DMRT1B$X_RaGOO$18329002$18330754	23
DNAREP1_DM$2R_RaGOO$7258104$7258417	22
DNAREP1_DM$3R_RaGOO$3976810$3976994	19
DNAREP1_DM$2R_RaGOO$4901613$4901964	19
DMCR1A$2L_RaGOO$21518151$21518601	19
Gypsy8_I$2R_RaGOO$2534019$2534269	18
Gypsy8_I$2R_RaGOO$2534282$2536641	18
QUASIMODO_I$3L_RaGOO$26104647$26105994	17
FB4_DM$4_RaGOO$456811$457356	17
DNAREP1_DM$2L_RaGOO$20807066$20807858	16
DNAREP1_DM$3R_RaGOO$12192054$12192324	16
DNAREP1_DM$2R_RaGOO$8719298$8719543	16
I_DM$3R_RaGOO$12684068$12684387	15
DNAREP1_DM$2L_RaGOO$17891413$17891979	15
XDMR$3R_RaGOO$22915727$22916034	15
TC1-2_DM$3R_RaGOO$14406801$14407077	15
G2_DM$3R_RaGOO$3296039$3296379	14
Gypsy1-I_DM$3L_RaGOO$24127725$24132950	14
DNAREP1_DM$4_RaGOO$658454$659354	13
Transib5$2R_RaGOO$1408809$1410193	13
DNAREP1_DM$2L_RaGOO$14597184$14597542	13
TRANSIB2$2R_RaGOO$3421509$3423952	13
DNAREP1_DM$2R_RaGOO$5317862$5318316	12
ROO_I$3R_RaGOO$12957465$12959168	12
DNAREP1_DM$3L_RaGOO$23694934$23695637	12
BLASTOPIA_I$3L_RaGOO$24027370$24031886	12
Baggins1$3L_RaGOO$24028039$24031006	12
S_DM$4_RaGOO$966468$966671	12
DNAREP1_DM$3R_RaGOO$23083195$23083553	12
DNAREP1_DM$3R_RaGOO$4677387$4677551	12
DNAREP1_DM$3R_RaGOO$5274265$5274458	12
DNAREP1_DM$3L_RaGOO$16104375$16104604	12
Gypsy12A_LTR$2R_RaGOO$1008118$1011100	11
ROO_LTR$X_RaGOO$10174670$10183502	11
TC1-2_DM$3R_RaGOO$7615537$7615701	11
FW2_DM$2L_RaGOO$4177642$4182314	11
XDMR$2L_RaGOO$1258931$1259139	11
DNAREP1_DM$2R_RaGOO$1818747$1818920	11
DNAREP1_DM$3R_RaGOO$3812246$3812551	11
ROO_I$3L_RaGOO$884443$885131	11
DNAREP1_DM$3R_RaGOO$3851606$3852087	10
Gypsy12_I$2R_RaGOO$2533072$2533363	10
ROO_I$X_RaGOO$8285149$8285305	10
DMCR1A$X_RaGOO$21903539$21904054	10
DNAREP1_DM$2L_RaGOO$10385196$10385374	10
DNAREP1_DM$2R_RaGOO$18679360$18679563	10
Copia2_LTR_DM$3R_RaGOO$11799288$11799455	10
DNAREP1_DM$2R_RaGOO$8029433$8029772	10
DMCR1A$3R_RaGOO$16233318$16233598	10
DNAREP1_DM$2L_RaGOO$21636818$21637395	9
DM176_LTR$3L_RaGOO$20033243$20040251	9
DOC6_DM$X_RaGOO$19194485$19198701	9
DNAREP1_DM$X_RaGOO$6728274$6728628	9
ROO_LTR$3R_RaGOO$11316518$11324624	9
HOBO$3L_RaGOO$21923406$21923712	9
DOC$3R_RaGOO$24532793$24537308	8
DIVER2_I$2R_RaGOO$3973922$3976557	8
PROTOP_B$3L_RaGOO$22715502$22715915	8
POGON1$3R_RaGOO$12322706$12322889	8
DM412$2R_RaGOO$15155116$15161589	8
DNAREP1_DM$3L_RaGOO$21163504$21163657	8
DMRP1$2L_RaGOO$3879756$3879953	8
ROO_I$X_RaGOO$12287028$12302312	8
QUASIMODO_LTR$2R_RaGOO$3561204$3567967	8
MICROPIA_I$2R_RaGOO$4625464$4628057	8
TC1-2_DM$2R_RaGOO$4626630$4627924	8
TART-A$3L_RaGOO$16376942$16377642	8
DNAREP1_DM$2R_RaGOO$23910955$23911164	8
ARS406_DM$X_RaGOO$10641398$10641653	8
DNAREP1_DM$4_RaGOO$659404$659665	7
DNAREP1_DM$3L_RaGOO$17643268$17643770	7
ROO_I$3L_RaGOO$11054181$11056742	7
DNAREP1_DM$2R_RaGOO$6698583$6698746	7
DNAREP1_DM$2R_RaGOO$3598003$3598607	7
Transib-N1_DM$3R_RaGOO$19326872$19327284	7
DM412$2R_RaGOO$3802214$3804613	7
QUASIMODO_I$3L_RaGOO$20031576$20033207	7
FW2_DM$2L_RaGOO$21867701$21874021	7
FW2_DM$2L_RaGOO$21873157$21873931	7
PROTOP_B$2L_RaGOO$21874024$21874727	7
DNAREP1_DM$2R_RaGOO$19254976$19255137	7
ROO_I$2L_RaGOO$13158196$13158415	7
FB4_DM$3R_RaGOO$3718876$3720017	7
FB4_DM$X_RaGOO$21357142$21358933	7
DMTOM1_LTR$X_RaGOO$11258002$11258389	7
ROO_I$2R_RaGOO$12177908$12178091	7
DNAREP1_DM$2L_RaGOO$18697477$18697650	6
DNAREP1_DM$3R_RaGOO$20099374$20099655	6
DNAREP1_DM$X_RaGOO$577400$577787	6
TRANSPAC_LTR$3R_RaGOO$21217775$21223024	6
ROO_I$X_RaGOO$5506803$5506985	6
MAX_I$2L_RaGOO$22373838$22379089	6
PROTOP_B$2R_RaGOO$6428707$6429467	6
PLACW_DM$3L_RaGOO$13917593$13918520	6
DNAREP1_DM$3L_RaGOO$19244612$19244797	6
POGO$2R_RaGOO$7201268$7202754	6
PROTOP_B$2L_RaGOO$22342065$22342964	6
Chouto_LTR$3L_RaGOO$19527833$19528293	6
DNAREP1_DM$3R_RaGOO$5952853$5953133	5
DNAREP1_DM$2L_RaGOO$10941726$10942008	5
Gypsy6_I$2R_RaGOO$972110$979166	5
DNAREP1_DM$2L_RaGOO$20810079$20810439	5
DNAREP1_DM$3L_RaGOO$20208715$20209384	5
DNAREP1_DM$3L_RaGOO$11695931$11696113	5
IVK_DM$3L_RaGOO$19656431$19661800	5
DNAREP1_DM$2R_RaGOO$4851419$4851782	5
DNAREP1_DM$4_RaGOO$222491$222869	5
BURDOCK_LTR$2L_RaGOO$4499214$4501787	5
DNAREP1_DM$2R_RaGOO$3773662$3774116	5
DNAREP1_DM$X_RaGOO$138507$138886	5
DNAREP1_DM$X_RaGOO$139775$140115	5
Baggins1$3L_RaGOO$23958695$23963253	5
ROO_I$3R_RaGOO$7634326$7634483	5
IDEFIX_LTR$3L_RaGOO$20046597$20052802	5
DNAREP1_DM$2R_RaGOO$8557723$8557955	5
FB4_DM$X_RaGOO$21134097$21135577	5
DNAREP1_DM$2L_RaGOO$20659152$20659442	5
Copia_LTR$3L_RaGOO$17623155$17628299	5
DMRT1A$3L_RaGOO$9155539$9160690	5
ROO_I$3L_RaGOO$11422574$11433020	5
PROTOP$2R_RaGOO$3417250$3417438	5
FW2_DM$2L_RaGOO$10097846$10102523	4
TRANSIB2$2R_RaGOO$1819719$1821473	4
DNAREP1_DM$2L_RaGOO$20881393$20881695	4
ROO_I$2R_RaGOO$16878302$16878627	4
ACCORD2_I$4_RaGOO$315790$316010	4
DNAREP1_DM$3R_RaGOO$1210028$1210257	4
DNAREP1_DM$2L_RaGOO$180928$181388	4
DNAREP1_DM$2R_RaGOO$5161238$5161489	4
DNAREP1_DM$2R_RaGOO$7261649$7262162	4
ROO_I$3R_RaGOO$8794294$8796054	4
DNAREP1_DM$2R_RaGOO$3598638$3598909	4
HOBO$3R_RaGOO$29610135$29611611	4
DM297_LTR$4_RaGOO$1229182$1232068	4
DNAREP1_DM$2L_RaGOO$21223183$21223379	4
DNAREP1_DM$2L_RaGOO$21229275$21229444	4
DMCR1A$4_RaGOO$200712$204174	4
DOC6_DM$2L_RaGOO$8926966$8931176	4
BURDOCK_LTR$2R_RaGOO$1428763$1433741	4
TRANSPAC_LTR$3L_RaGOO$1562415$1567666	4
Gypsy2_LTR$2R_RaGOO$3982259$3989479	4
G5A_DM$2R_RaGOO$15931563$15931723	4
STALKER4_LTR$2L_RaGOO$20261276$20261652	4
DNAREP1_DM$3L_RaGOO$22401884$22402324	4
PROTOP_B$3L_RaGOO$24137900$24138621	4
FB4_DM$3L_RaGOO$26397983$26398352	4
FB4_DM$3L_RaGOO$26398363$26398515	4
DNAREP1_DM$4_RaGOO$456468$456655	4
DIVER_I$2L_RaGOO$22056229$22066255	4
DNAREP1_DM$3R_RaGOO$4412850$4413089	4
LINEJ1_DM$3R_RaGOO$12240619$12245642	4
HMSBEAGLE_I$X_RaGOO$6730568$6737105	4
DNAREP1_DM$3L_RaGOO$17656187$17656690	4
DNAREP1_DM$4_RaGOO$1090956$1091125	4
S2_DM$X_RaGOO$21341507$21342141	4
ROO_I$X_RaGOO$12386287$12386489	4
ROO_I$3R_RaGOO$14005164$14015074	4
POGO$3L_RaGOO$20073927$20075365	4
DNAREP1_DM$X_RaGOO$21318231$21318464	4
DNAREP1_DM$3L_RaGOO$11392136$11392475	4
DNAREP1_DM$2R_RaGOO$7972563$7972790	4
BEL_I$2R_RaGOO$2343602$2347767	3
BEL_I$2R_RaGOO$2344698$2344931	3
DNAREP1_DM$2R_RaGOO$8743543$8743799	3
FB4_DM$2R_RaGOO$4706797$4707930	3
FB4_DM$2R_RaGOO$4707085$4707999	3
DNAREP1_DM$4_RaGOO$1225939$1226317	3
DNAREP1_DM$2R_RaGOO$23906475$23907246	3
DNAREP1_DM$3R_RaGOO$19536671$19536947	3
ROOA_LTR$3L_RaGOO$23694979$23695331	3
Stalker2_LTR$2R_RaGOO$15238139$15244515	3
POGO$3L_RaGOO$9733928$9735150	3
LINEJ1_DM$X_RaGOO$19444806$19445599	3
DMRT1C$X_RaGOO$19445618$19446856	3
STALKER4_LTR$2R_RaGOO$1037038$1044050	3
G5A_DM$2L_RaGOO$20942907$20943871	3
ROO_I$3L_RaGOO$7744557$7749643	3
DNAREP1_DM$3R_RaGOO$3884337$3884773	3
DNAREP1_DM$2L_RaGOO$18746440$18746768	3
DNAREP1_DM$X_RaGOO$21914386$21915147	3
TART_B1$2R_RaGOO$23920095$23923160	3
DNAREP1_DM$3L_RaGOO$11719310$11719478	3
DNAREP1_DM$2L_RaGOO$20944954$20945121	3
TC1-2_DM$4_RaGOO$958695$960140	3
MDG3_LTR$2L_RaGOO$9410285$9415840	3
DNAREP1_DM$4_RaGOO$1037257$1037737	3
DMRP1$3R_RaGOO$6558695$6558945	3
TAHRE$3L_RaGOO$9329713$9330036	3
DNAREP1_DM$2R_RaGOO$4857121$4857893	3
TRANSIB3$3L_RaGOO$23436086$23437206	3
XDMR$X_RaGOO$12845728$12846079	3
S_DM$2R_RaGOO$6511616$6513348	3
BARI1$2L_RaGOO$21112657$21113769	3
DNAREP1_DM$3L_RaGOO$26107782$26108245	3
HMSBEAGLE_I$2R_RaGOO$6690707$6691317	3
DOC2_DM$2L_RaGOO$22023528$22027132	3
DOC6_DM$3R_RaGOO$16647782$16651989	3
DMCR1A$3L_RaGOO$24787989$24795296	3
BATUMI_LTR$3L_RaGOO$24788259$24793107	3
S_DM$3L_RaGOO$15369099$15370829	3
TRANSIB4$2R_RaGOO$3456054$3457884	3
HOBO$2R_RaGOO$16868949$16869869	3
DNAREP1_DM$2R_RaGOO$5764532$5764765	3
LINEJ1_DM$2R_RaGOO$15316919$15318025	3
Gypsy2-I_DM$3L_RaGOO$25283583$25287646	3
MICROPIA_I$X_RaGOO$17340828$17345349	3
G5_DM$2L_RaGOO$22502287$22506609	3
G5A_DM$2L_RaGOO$22503324$22504513	3
DNAREP1_DM$3L_RaGOO$22338793$22339183	3
FB4_DM$3L_RaGOO$26073601$26074069	3
TRANSPAC_LTR$2R_RaGOO$15245759$15251009	3
DNAREP1_DM$4_RaGOO$295781$296072	3
ROO_I$3R_RaGOO$8872694$8873218	3
PROTOP_B$3R_RaGOO$17958960$17959639	3
Stalker2_LTR$3R_RaGOO$12469233$12477197	3
G4_DM$2R_RaGOO$3681145$3687166	3
ROO_I$3R_RaGOO$6611977$6613484	3
DNAREP1_DM$2R_RaGOO$3041967$3042433	3
DNAREP1_DM$3R_RaGOO$6499138$6499633	3
BS$3R_RaGOO$19699830$19700579	3
LINEJ1_DM$2R_RaGOO$12357739$12358093	3
ROO_I$X_RaGOO$7929618$7944361	3
I_DM$3L_RaGOO$23672637$23674222	3
DMCR1A$4_RaGOO$444159$447557	3
STALKER4_I$3L_RaGOO$25944955$25950885	3
PROTOP_B$4_RaGOO$950144$951208	3
ROO_I$3L_RaGOO$6649709$6657673	3
HMSBEAGLE_I$3L_RaGOO$20040518$20046596	3
Gypsy12A_LTR$2R_RaGOO$3769537$3772119	3
G4_DM$2R_RaGOO$3770363$3771605	3
DNAREP1_DM$X_RaGOO$4423599$4423900	3
BEL_LTR$3R_RaGOO$11276926$11283012	3
Transib-N1_DM$X_RaGOO$21921910$21922778	3
XDMR$X_RaGOO$15557662$15557838	3
MDG3_LTR$X_RaGOO$11298256$11303771	3
PROTOP_A$3R_RaGOO$4009289$4010311	2
QUASIMODO_LTR$3L_RaGOO$7266735$7267031	2
I_DM$X_RaGOO$20330703$20336075	2
NOMAD_I$3R_RaGOO$3234768$3235032	2
HOBO$3R_RaGOO$6508744$6509183	2
DNAREP1_DM$3R_RaGOO$3632660$3633639	2
ROO_I$2R_RaGOO$19861372$19861541	2
TC1-2_DM$2R_RaGOO$11127531$11129055	2
DNAREP1_DM$2R_RaGOO$3599892$3600422	2
DNAREP1_DM$2L_RaGOO$3489552$3489953	2
BLOOD_LTR$2L_RaGOO$3268611$3276063	2
ROO_I$3R_RaGOO$23914908$23915092	2
DNAREP1_DM$3R_RaGOO$3756621$3757577	2
DNAREP1_DM$2L_RaGOO$20975487$20975895	2
PROTOP$X_RaGOO$21306197$21310027	2
M4DM$X_RaGOO$21308551$21309985	2
I_DM$3L_RaGOO$16671870$16677223	2
DNAREP1_DM$X_RaGOO$21754920$21755119	2
DNAREP1_DM$3L_RaGOO$20242597$20242889	2
ROO_LTR$3R_RaGOO$22108021$22115561	2
DNAREP1_DM$2R_RaGOO$5990231$5990741	2
PROTOP_A$3L_RaGOO$22716146$22716468	2
DNAREP1_DM$2L_RaGOO$22011549$22011783	2
DNAREP1_DM$4_RaGOO$1232094$1232495	2
DNAREP1_DM$2L_RaGOO$20457157$20457312	2
DNAREP1_DM$3R_RaGOO$7608473$7608696	2
DNAREP1_DM$4_RaGOO$967143$967584	2
DNAREP1_DM$3L_RaGOO$14927998$14928150	2
DNAREP1_DM$2L_RaGOO$20936803$20937327	2
NOMAD_LTR$2L_RaGOO$3400786$3408481	2
DNAREP1_DM$X_RaGOO$16078418$16078817	2
G5_DM$2L_RaGOO$22500752$22500936	2
DNAREP1_DM$X_RaGOO$20594145$20594306	2
DNAREP1_DM$2L_RaGOO$22413009$22413173	2
Gypsy12A_LTR$3L_RaGOO$25525761$25527767	2
DNAREP1_DM$2L_RaGOO$21229617$21229939	2
Transib-N1_DM$2L_RaGOO$20936359$20936699	2
ROO_LTR$X_RaGOO$16249003$16257980	2
DNAREP1_DM$4_RaGOO$53556$53914	2
DNAREP1_DM$3R_RaGOO$3599003$3599721	2
DNAREP1_DM$2L_RaGOO$20871927$20873089	2
Gypsy_LTR$3R_RaGOO$3693962$3694348	2
DNAREP1_DM$3R_RaGOO$3694364$3695272	2
G3_DM$3L_RaGOO$23675819$23677004	2
DNAREP1_DM$2L_RaGOO$21184367$21184739	2
DNAREP1_DM$2R_RaGOO$1208164$1208704	2
DMRPR$3L_RaGOO$11445212$11445365	2
DMRT1B$3L_RaGOO$20029188$20030586	2
DNAREP1_DM$2R_RaGOO$3038747$3039399	2
DNAREP1_DM$3L_RaGOO$21480298$21480593	2
DMCR1A$2R_RaGOO$4562014$4569809	2
DNAREP1_DM$3L_RaGOO$22415700$22416256	2
DNAREP1_DM$2R_RaGOO$23852018$23852739	2
DNAREP1_DM$X_RaGOO$14177995$14178265	2
LINEJ1_DM$X_RaGOO$19434962$19435755	2
DMRT1C$X_RaGOO$19435774$19437014	2
DM297_LTR$2L_RaGOO$21241556$21249211	2
ROO_I$3R_RaGOO$13786472$13790447	2
PROTOP_B$3L_RaGOO$17658336$17660476	2
FB4_DM$3R_RaGOO$4811780$4813400	2
Gypsy6A_LTR$X_RaGOO$21231537$21231842	2
S_DM$3L_RaGOO$24137698$24137902	2
DNAREP1_DM$2R_RaGOO$5138671$5138895	2
ROO_LTR$2R_RaGOO$21294117$21303088	2
IDEFIX_LTR$3L_RaGOO$20053290$20053885	2
FB4_DM$3L_RaGOO$545783$547103	2
DNAREP1_DM$X_RaGOO$21809149$21809445	2
DM176_I$3R_RaGOO$11777207$11779087	2
DMRT1B$2R_RaGOO$22530224$22532536	2
Chimpo_LTR$3L_RaGOO$16584918$16588544	2
DNAREP1_DM$X_RaGOO$18357502$18357930	2
DNAREP1_DM$2R_RaGOO$6428507$6428700	2
DNAREP1_DM$3L_RaGOO$22363759$22364540	2
DM297_LTR$3L_RaGOO$22364015$22364429	2
DNAREP1_DM$2R_RaGOO$1209819$1210327	2
DNAREP1_DM$2R_RaGOO$3513301$3514079	2
G4_DM$3R_RaGOO$6498283$6498996	2
DNAREP1_DM$3R_RaGOO$3606122$3607110	2
DMRT1A$2R_RaGOO$12676666$12678573	2
ROO_I$X_RaGOO$9130969$9131128	2
PROTOP_B$2L_RaGOO$22345362$22345803	2
Copia2_I$3R_RaGOO$11798297$11798932	2
DNAREP1_DM$3L_RaGOO$15367564$15368127	2
Gypsy1-LTR_DM$2L_RaGOO$21103966$21104246	2
DNAREP1_DM$4_RaGOO$253645$253864	2
ROVER-LTR_DM$X_RaGOO$21181780$21195611	2
NOMAD_LTR$2R_RaGOO$15583316$15590827	2
XDMR$3R_RaGOO$23554887$23555071	2
DNAREP1_DM$2R_RaGOO$6368945$6369414	2
DNAREP1_DM$4_RaGOO$644595$644769	2
DNAREP1_DM$3L_RaGOO$24033580$24033950	2
G3_DM$2L_RaGOO$21721006$21729491	2
G5_DM$2L_RaGOO$21727156$21727520	2
HOBO$3R_RaGOO$6507951$6508748	2
TIRANT_LTR$3L_RaGOO$23807453$23815973	2
STALKER4_LTR$3L_RaGOO$23405298$23415957	2
BATUMI_LTR$3L_RaGOO$23406069$23411035	2
DMRT1B$X_RaGOO$6025364$6025934	2
DM297_LTR$3L_RaGOO$24570098$24571913	2
Invader2_LTR$3L_RaGOO$24571954$24573704	2
G5A_DM$3L_RaGOO$24863962$24865755	2
G5A_DM$3L_RaGOO$24865756$24866545	2
PROTOP_B$2R_RaGOO$3416997$3418976	2
XDMR$X_RaGOO$5602266$5602445	2
NOMAD_LTR$3R_RaGOO$28971169$28974159	2
POGON1$2L_RaGOO$16749831$16750013	2
FB4_DM$2L_RaGOO$21750894$21752491	2
PROTOP_A$2R_RaGOO$4110855$4111825	2
ROO_I$3R_RaGOO$7254591$7254776	2
DMCR1A$3L_RaGOO$25925936$25926613	2
DNAREP1_DM$3R_RaGOO$3812554$3812740	2
Gypsy2_LTR$4_RaGOO$1140658$1140992	2
ROO_I$3L_RaGOO$3772200$3778633	2
Invader3_I$X_RaGOO$19451466$19451977	2
ROO_I$3L_RaGOO$19559699$19561114	2
DNAREP1_DM$2R_RaGOO$1027037$1027320	2
ROO_LTR$2L_RaGOO$833659$841384	2
FB4_DM$3R_RaGOO$30986386$30987925	2
M4DM$X_RaGOO$3314268$3315688	2
Gypsy12_I$3R_RaGOO$11767009$11769301	2
DNAREP1_DM$4_RaGOO$951339$951813	2
FW2_DM$3L_RaGOO$21501035$21502812	2
G5A_DM$2R_RaGOO$23724588$23724775	2
FB4_DM$X_RaGOO$8179919$8180552	2
XDMR$X_RaGOO$10899812$10900169	2
QUASIMODO_LTR$3L_RaGOO$19799334$19806716	2
DNAREP1_DM$3R_RaGOO$3760768$3761178	2
DNAREP1_DM$4_RaGOO$1054727$1054927	2
G5A_DM$3R_RaGOO$5000384$5000662	2
DM176_LTR$3L_RaGOO$16170429$16177906	2
DNAREP1_DM$2R_RaGOO$4779258$4779756	2
DNAREP1_DM$4_RaGOO$963886$964205	2
ROO_I$3L_RaGOO$11011384$11011724	2
TRANSIB2$2L_RaGOO$22428236$22429333	2
DNAREP1_DM$2L_RaGOO$21521532$21521832	2
ROO_I$2R_RaGOO$13238874$13250807	2
POGO$3R_RaGOO$11285980$11288111	2
TRANSIB2$3L_RaGOO$26414404$26415235	2
DMRT1A$3R_RaGOO$22546314$22547371	2
ROO_LTR$3L_RaGOO$16543929$16552253	2
DNAREP1_DM$X_RaGOO$21871614$21872046	2
DNAREP1_DM$2R_RaGOO$4616341$4617438	2
DMRT1A$2R_RaGOO$3571985$3576878	2
S_DM$4_RaGOO$220378$221042	2
TE_ID	1
DNAREP1_DM$2L_RaGOO$21685467$21685865	1
DNAREP1_DM$2R_RaGOO$4909669$4909917	1
DNAREP1_DM$3L_RaGOO$20907028$20907410	1
DNAREP1_DM$2R_RaGOO$4234578$4234940	1
DMRT1C$2L_RaGOO$20262641$20264263	1
DNAREP1_DM$2L_RaGOO$22149569$22149941	1
ROO_I$2R_RaGOO$10095311$10095825	1
S_DM$3L_RaGOO$10982450$10984182	1
Gypsy12_I$3L_RaGOO$25988583$25992485	1
Gypsy12_I$3L_RaGOO$25990043$25991507	1
Jockey2$2R_RaGOO$1421956$1424225	1
DM1731_I$3L_RaGOO$23063912$23064172	1
ROO_I$2R_RaGOO$6652153$6652308	1
DNAREP1_DM$3R_RaGOO$9175949$9176147	1
DNAREP1_DM$2R_RaGOO$3593359$3593566	1
DNAREP1_DM$4_RaGOO$653922$654117	1
S2_DM$2L_RaGOO$21000969$21001811	1
PROTOP_A$3L_RaGOO$15931994$15933099	1
FW2_DM$2R_RaGOO$4353446$4358111	1
Gypsy12_LTR$2R_RaGOO$4356073$4357617	1
Transib-N1_DM$2L_RaGOO$21149249$21149511	1
DMCR1A$2R_RaGOO$3056479$3057106	1
DMCR1A$3L_RaGOO$21156416$21160019	1
DNAREP1_DM$2R_RaGOO$5001586$5001801	1
LINEJ1_DM$2R_RaGOO$5045270$5046804	1
TC1_DM$X_RaGOO$21866616$21867981	1
DNAREP1_DM$2L_RaGOO$20484067$20484332	1
DNAREP1_DM$4_RaGOO$451210$451382	1
DNAREP1_DM$3R_RaGOO$3838780$3839285	1
DNAREP1_DM$2R_RaGOO$5284723$5285463	1
FW2_DM$3L_RaGOO$4323673$4327933	1
FW2_DM$3L_RaGOO$4327933$4328330	1
DNAREP1_DM$4_RaGOO$83075$83470	1
MDG1_LTR$X_RaGOO$18264248$18271286	1
DNAREP1_DM$2L_RaGOO$21291403$21291662	1
FB4_DM$2L_RaGOO$21592060$21593346	1
DNAREP1_DM$2R_RaGOO$1391532$1391697	1
S_DM$2R_RaGOO$3762369$3762853	1
I_DM$2L_RaGOO$1625948$1627478	1
DMCR1A$2L_RaGOO$21710381$21712508	1
DMCR1A$3R_RaGOO$7436029$7437132	1
DMRT1B$X_RaGOO$19854865$19855968	1
MDG1_I$X_RaGOO$21157066$21157884	1
ROO_I$X_RaGOO$16809070$16810548	1
DNAREP1_DM$4_RaGOO$447558$448047	1
MICROPIA_I$3L_RaGOO$18102800$18106752	1
DNAREP1_DM$2L_RaGOO$21101557$21101708	1
MICROPIA_LTR$3R_RaGOO$6767654$6773119	1
G4_DM$4_RaGOO$200824$200983	1
IVK_DM$2L_RaGOO$22395602$22400773	1
DNAREP1_DM$3L_RaGOO$9331329$9331735	1
ROO_I$2R_RaGOO$13678816$13689199	1
BEL_I$2R_RaGOO$23360371$23363115	1
MDG1_LTR$3L_RaGOO$22730419$22737426	1
TC1_DM$3R_RaGOO$4619094$4620719	1
M4DM$2R_RaGOO$4214054$4215593	1
ROO_LTR$3L_RaGOO$9180412$9189520	1
I_DM$X_RaGOO$21881856$21882674	1
POGO$4_RaGOO$1031359$1031592	1
DNAREP1_DM$3L_RaGOO$20056649$20056903	1
ROO_LTR$3L_RaGOO$5869338$5876181	1
DNAREP1_DM$X_RaGOO$20394156$20394936	1
Gypsy8_LTR$3L_RaGOO$23693202$23693365	1
Gypsy12A_LTR$2R_RaGOO$3331691$3332529	1
NOMAD_I$2R_RaGOO$4096049$4097438	1
POGO$2L_RaGOO$21617872$21618829	1
FB4_DM$3R_RaGOO$20803202$20805073	1
DNAREP1_DM$3R_RaGOO$3237164$3237802	1
BATUMI_LTR$2R_RaGOO$4345307$4350249	1
LINEJ1_DM$2R_RaGOO$1401724$1408146	1
DIVER2_LTR$2R_RaGOO$1403694$1407986	1
PROTOP_B$2R_RaGOO$4404039$4404271	1
DMRT1B$2R_RaGOO$4404275$4406331	1
ROO_LTR$2L_RaGOO$9918712$9919139	1
DNAREP1_DM$3L_RaGOO$25186780$25187491	1
DNAREP1_DM$2L_RaGOO$21401648$21401933	1
LINEJ1_DM$2L_RaGOO$22012392$22014876	1
TRANSIB4$2L_RaGOO$22012581$22014151	1
DNAREP1_DM$2R_RaGOO$4833601$4834688	1
TC1_DM$4_RaGOO$1035968$1037256	1
DNAREP1_DM$4_RaGOO$1037271$1037649	1
MINOS$3L_RaGOO$23080784$23080951	1
DM1731_I$3R_RaGOO$7149596$7149751	1
PROTOP$4_RaGOO$358464$360439	1
ROO_I$X_RaGOO$8989745$8989983	1
DNAREP1_DM$3L_RaGOO$20850943$20851168	1
STALKER4_I$3R_RaGOO$3253757$3256075	1
DNAREP1_DM$2R_RaGOO$19087798$19088084	1
DNAREP1_DM$3R_RaGOO$3675236$3675485	1
DM297_LTR$2R_RaGOO$2045789$2046175	1
Gypsy2_LTR$2R_RaGOO$2046200$2048564	1
PROTOP_A$2R_RaGOO$4351757$4352799	1
TART-A$3L_RaGOO$24818846$24827437	1
TART_B1$3L_RaGOO$24819679$24825857	1
TART-A$3L_RaGOO$24825905$24834493	1
DNAREP1_DM$3L_RaGOO$7354582$7354981	1
Gypsy4_I$3L_RaGOO$23066970$23068842	1
STALKER4_LTR$3L_RaGOO$25213564$25219733	1
DMRT1B$2R_RaGOO$1425692$1426058	1
PROTOP$3L_RaGOO$17660168$17660400	1
DNAREP1_DM$3R_RaGOO$5177810$5177993	1
DIVER2_I$3L_RaGOO$23909669$23910024	1
TC1_DM$3L_RaGOO$23910237$23910853	1
DNAREP1_DM$X_RaGOO$18716538$18717216	1
NOMAD_LTR$2R_RaGOO$20674240$20681841	1
Gypsy4_LTR$2R_RaGOO$768642$773133	1
DNAREP1_DM$2L_RaGOO$21226550$21227670	1
DNAREP1_DM$2L_RaGOO$21326492$21326706	1
M4DM$3L_RaGOO$17658421$17660167	1
DNAREP1_DM$3R_RaGOO$3701638$3702742	1
LINEJ1_DM$2R_RaGOO$4418576$4420188	1
DNAREP1_DM$X_RaGOO$1049002$1049402	1
DMCR1A$3L_RaGOO$23871545$23878671	1
Baggins1$3L_RaGOO$23872101$23874766	1
DNAREP1_DM$3L_RaGOO$24050841$24051040	1
FB4_DM$3R_RaGOO$6557713$6558647	1
Gypsy_I$3R_RaGOO$4187299$4190434	1
DNAREP1_DM$X_RaGOO$20607912$20608280	1
DNAREP1_DM$4_RaGOO$961132$961440	1
FB4_DM$X_RaGOO$21327350$21328820	1
FB4_DM$X_RaGOO$21378486$21378972	1
DNAREP1_DM$3L_RaGOO$19061508$19061858	1
DMCR1A$2R_RaGOO$752839$753401	1
TC1_DM$4_RaGOO$767572$768879	1
TART-A$2L_RaGOO$4304$8214	1
TAHRE$2L_RaGOO$5229$7346	1
TAHRE$2L_RaGOO$5506$7403	1
ACCORD2_I$3R_RaGOO$2704640$2718281	1
POGON1$3R_RaGOO$13828001$13828185	1
DNAREP1_DM$2R_RaGOO$5156387$5156652	1
DNAREP1_DM$3R_RaGOO$4997507$4998123	1
DM297_LTR$3R_RaGOO$5856995$5858988	1
I_DM$2L_RaGOO$8443816$8449159	1
HOBO$3L_RaGOO$11707765$11709270	1
XDMR$X_RaGOO$13122214$13122565	1
DM412$X_RaGOO$11800289$11806782	1
MDG3_LTR$X_RaGOO$14587062$14592565	1
DNAREP1_DM$3L_RaGOO$23624018$23624362	1
TRANSIB4$X_RaGOO$930985$931141	1
DNAREP1_DM$3R_RaGOO$4102841$4103106	1
QUASIMODO_LTR$2R_RaGOO$3533602$3535257	1
DNAREP1_DM$X_RaGOO$277717$277975	1
FW2_DM$2L_RaGOO$8761370$8765566	1
M4DM$2R_RaGOO$14057565$14057772	1
DNAREP1_DM$X_RaGOO$1703380$1703701	1
DMCR1A$3R_RaGOO$3605969$3606120	1
S_DM$3R_RaGOO$5884226$5884566	1
Invader2_I$3L_RaGOO$26293784$26298215	1
NOMAD_LTR$3L_RaGOO$10268410$10275872	1
DNAREP1_DM$2R_RaGOO$11814699$11814965	1
Invader5_I$2L_RaGOO$21941471$21943294	1
Invader5_I$2L_RaGOO$21942295$21943109	1
DNAREP1_DM$4_RaGOO$331636$332383	1
NOMAD_I$2L_RaGOO$22600426$22604820	1
QUASIMODO_LTR$2R_RaGOO$12466827$12467005	1
LINEJ1_DM$2L_RaGOO$3156645$3161540	1
XDMR$X_RaGOO$11530396$11530753	1
DNAREP1_DM$4_RaGOO$418419$418636	1
TABOR_LTR$3L_RaGOO$9629850$9637105	1
DMLTR5$3L_RaGOO$14930539$14930799	1
POGON1$3R_RaGOO$23344845$23345036	1
ROO_I$2R_RaGOO$10589996$10599311	1
DNAREP1_DM$4_RaGOO$350949$351580	1
FB4_DM$4_RaGOO$549267$551117	1
Baggins1$2R_RaGOO$4368708$4373024	1
GTWIN_LTR$X_RaGOO$21148680$21156063	1
FB4_DM$X_RaGOO$21357324$21357631	1
DNAREP1_DM$3L_RaGOO$22336204$22336457	1
G5A_DM$X_RaGOO$21131362$21132038	1
S_DM$2R_RaGOO$3556668$3558129	1
DMCR1A$3L_RaGOO$19570182$19573029	1
DNAREP1_DM$X_RaGOO$20137751$20137922	1
DM297_LTR$X_RaGOO$21476862$21483727	1
DNAREP1_DM$2L_RaGOO$22038089$22038348	1
TRANSPAC_LTR$2R_RaGOO$21445727$21450940	1
G7_DM$X_RaGOO$16783041$16783563	1
DNAREP1_DM$4_RaGOO$1171820$1172051	1
DNAREP1_DM$3R_RaGOO$1259588$1260004	1
Gypsy12A_LTR$2R_RaGOO$4917644$4918955	1
FB4_DM$3L_RaGOO$20526501$20527593	1
DMCR1A$3L_RaGOO$23298717$23298869	1
Gypsy12A_LTR$2L_RaGOO$21242356$21244976	1
TC1_DM$2R_RaGOO$7002450$7002854	1
Copia_LTR$2L_RaGOO$14753817$14758950	1
DNAREP1_DM$3R_RaGOO$4207396$4207913	1
FB4_DM$2R_RaGOO$5938682$5940343	1
I_DM$3L_RaGOO$26213151$26217226	1
DM176_LTR$3L_RaGOO$9939939$9947437	1
DM412$3R_RaGOO$30088296$30093410	1
TC1-2_DM$4_RaGOO$335629$337229	1
DNAREP1_DM$2R_RaGOO$4103302$4103694	1
Gypsy10_LTR$2R_RaGOO$4103854$4104174	1
DNAREP1_DM$2R_RaGOO$935022$935198	1
S_DM$2R_RaGOO$4111428$4111604	1
DNAREP1_DM$2R_RaGOO$4705001$4705325	1
FB4_DM$2R_RaGOO$23762921$23763947	1
DNAREP1_DM$2R_RaGOO$15800708$15800983	1
DNAREP1_DM$2L_RaGOO$21976139$21976462	1
DMCR1A$3L_RaGOO$23030032$23034246	1
DNAREP1_DM$3L_RaGOO$23031067$23031461	1
PROTOP$2L_RaGOO$21599067$21599771	1
NOMAD_LTR$X_RaGOO$14781769$14789300	1
I_DM$2R_RaGOO$16270267$16274188	1
TABOR_LTR$X_RaGOO$19774522$19781765	1
S_DM$3R_RaGOO$13019785$13020091	1
TC1_DM$3L_RaGOO$23777905$23779280	1
LINEJ1_DM$X_RaGOO$19652833$19656224	1
DOC4_DM$2R_RaGOO$3363410$3363829	1
DM297_LTR$2R_RaGOO$22197467$22204481	1
MDG3_I$X_RaGOO$19449814$19451303	1
PROTOP$2R_RaGOO$787360$788772	1
PROTOP_A$4_RaGOO$442415$443492	1
CIRCE$2L_RaGOO$22747719$22753380	1
QUASIMODO_I$2R_RaGOO$3631169$3631457	1
DNAREP1_DM$4_RaGOO$271027$271329	1
HOBO$3R_RaGOO$4041352$4042302	1
MDG3_LTR$X_RaGOO$19940625$19946078	1
PROTOP$2L_RaGOO$19826381$19830602	1
M4DM$2L_RaGOO$19828785$19830526	1
ROO_I$X_RaGOO$8887020$8887211	1
DMRT1C$2R_RaGOO$2166484$2176140	1
DMRT1C$2R_RaGOO$2175589$2176288	1
DM297_I$2L_RaGOO$22031671$22031920	1
DNAREP1_DM$3L_RaGOO$26300305$26300990	1
DNAREP1_DM$2R_RaGOO$5168532$5168731	1
DNAREP1_DM$2R_RaGOO$4034685$4034851	1
DNAREP1_DM$X_RaGOO$19202153$19202509	1
DOC5_DM$2R_RaGOO$998447$1007685	1
DNAREP1_DM$2R_RaGOO$3520734$3521047	1
LINEJ1_DM$3L_RaGOO$4182652$4182990	1
Invader4_LTR$3L_RaGOO$17645291$17648278	1
Invader1_LTR$3R_RaGOO$11799456$11799873	1
FB4_DM$2R_RaGOO$4698889$4699679	1
FB4_DM$2R_RaGOO$4699177$4700102	1
ROO_I$X_RaGOO$7345613$7358336	1
GTWIN_I$X_RaGOO$21143995$21148088	1
DOC$3L_RaGOO$11738950$11741243	1
PROTOP_A$3L_RaGOO$1450225$1450896	1
DNAREP1_DM$2R_RaGOO$4109417$4109844	1
DNAREP1_DM$2R_RaGOO$4340677$4340855	1
DNAREP1_DM$2R_RaGOO$4335735$4336312	1
NOMAD_LTR$2L_RaGOO$13384378$13391980	1
Gypsy5_I$3L_RaGOO$22770641$22777312	1
LINEJ1_DM$X_RaGOO$15120408$15120954	1
DM412$3R_RaGOO$21308488$21314967	1
DNAREP1_DM$3L_RaGOO$26315727$26316303	1
DMCR1A$2L_RaGOO$22346775$22347958	1
HELENA_RT$2R_RaGOO$3069282$3071136	1
S_DM$3R_RaGOO$28161290$28161696	1
FB4_DM$2L_RaGOO$9582201$9584579	1
NOMAD_I$X_RaGOO$21274295$21280935	1
FB4_DM$4_RaGOO$914235$914604	1
DNAREP1_DM$3L_RaGOO$21734463$21735152	1
MDG1_I$X_RaGOO$21164138$21165082	1
MAX_I$3R_RaGOO$3441502$3441870	1
DNAREP1_DM$X_RaGOO$16760629$16760992	1
LINEJ1_DM$3L_RaGOO$22003006$22003340	1
BATUMI_LTR$2R_RaGOO$3169212$3182879	1
XDMR$X_RaGOO$6204989$6205314	1
Transib-N1_DM$2R_RaGOO$15353671$15353923	1
Copia2_LTR_DM$3L_RaGOO$23638904$23639090	1
S2_DM$3L_RaGOO$22708139$22709198	1
ROO_I$2R_RaGOO$14213942$14227652	1
DNAREP1_DM$2R_RaGOO$3719901$3720918	1
TC1-2_DM$3L_RaGOO$8300114$8300651	1
DM297_LTR$X_RaGOO$14820410$14823284	1
DNAREP1_DM$2L_RaGOO$21664116$21664701	1
M4DM$2L_RaGOO$18746016$18746439	1
POGON1$3L_RaGOO$6639433$6639619	1
ROO_I$3L_RaGOO$2979921$2980420	1
DMRP1$3L_RaGOO$19412206$19412426	1
ROO_I$X_RaGOO$12254906$12259395	1
DNAREP1_DM$2L_RaGOO$21103806$21104345	1
DM176_I$3L_RaGOO$25322065$25322620	1
STALKER4_LTR$3L_RaGOO$24866652$24866825	1
HOBO$2L_RaGOO$10105910$10106142	1
PROTOP$2R_RaGOO$560014$561947	1
DNAREP1_DM$2L_RaGOO$14739531$14739747	1
Gypsy12A_LTR$3L_RaGOO$25020893$25022537	1
DNAREP1_DM$2L_RaGOO$18171515$18171810	1
DNAREP1_DM$3L_RaGOO$20209634$20209954	1
XDMR$X_RaGOO$7717857$7718052	1
BURDOCK_LTR$3L_RaGOO$10638503$10641077	1
BATUMI_LTR$3L_RaGOO$23411040$23411325	1
DNAREP1_DM$2R_RaGOO$1427043$1427951	1
DNAREP1_DM$2R_RaGOO$1427134$1428031	1
DMRT1A$3L_RaGOO$8134130$8139303	1
ACCORD2_I$2R_RaGOO$21660295$21660524	1
DNAREP1_DM$2R_RaGOO$11199905$11200096	1
TC1_DM$4_RaGOO$1015647$1016261	1
DNAREP1_DM$3R_RaGOO$4026153$4026319	1
MICROPIA_I$2R_RaGOO$683119$685513	1
S_DM$3R_RaGOO$4710881$4712605	1
Gypsy8_LTR$2R_RaGOO$3648372$3648592	1
DNAREP1_DM$4_RaGOO$1119403$1119867	1
Bica_I$2R_RaGOO$302236$306498	1
FB4_DM$2R_RaGOO$4278239$4278786	1
XDMR$X_RaGOO$14499542$14499886	1
TRANSIB2$X_RaGOO$18091266$18092734	1
DNAREP1_DM$3L_RaGOO$14457368$14457529	1
DNAREP1_DM$2L_RaGOO$21219661$21220589	1
Jockey2$X_RaGOO$21275337$21276483	1
Gypsy5_LTR$X_RaGOO$21276237$21276399	1
FB4_DM$3R_RaGOO$16921110$16924199	1
DNAREP1_DM$4_RaGOO$1257458$1258619	1
QUASIMODO_LTR$4_RaGOO$1257863$1258368	1
Gypsy12A_LTR$3L_RaGOO$12064165$12064617	1
DNAREP1_DM$4_RaGOO$636593$636954	1
Jockey2$3R_RaGOO$24287267$24287492	1
Gypsy12A_LTR$2R_RaGOO$1013969$1016016	1
Gypsy4_I$2L_RaGOO$21073724$21074513	1
DNAREP1_DM$2R_RaGOO$16222778$16223288	1
FW2_DM$4_RaGOO$1215013$1215191	1
DMRT1C$X_RaGOO$19679066$19680823	1
Gypsy6_I$2R_RaGOO$2623389$2627548	1
DIVER2_I$2R_RaGOO$2625663$2626763	1
DNAREP1_DM$2L_RaGOO$21209804$21210297	1
MDG1_LTR$3L_RaGOO$20528217$20535562	1
DNAREP1_DM$4_RaGOO$379041$379712	1
DNAREP1_DM$3L_RaGOO$20210345$20210618	1
DM412$2L_RaGOO$3097494$3103467	1
DMCR1A$2R_RaGOO$883888$891058	1
BURDOCK_LTR$2R_RaGOO$885095$890978	1
BS$2L_RaGOO$19068563$19068924	1
DNAREP1_DM$X_RaGOO$712208$713323	1
DNAREP1_DM$X_RaGOO$15420865$15421231	1
DNAREP1_DM$2R_RaGOO$4386075$4386615	1
LINEJ1_DM$2R_RaGOO$17893699$17894057	1
TC1_DM$3L_RaGOO$21112446$21113000	1
DMRT1C$2R_RaGOO$3933784$3936439	1
QUASIMODO_I$2R_RaGOO$3936713$3940504	1
DNAREP1_DM$4_RaGOO$842257$842595	1
DNAREP1_DM$3L_RaGOO$17662196$17662697	1
DNAREP1_DM$2L_RaGOO$16617529$16617791	1
ROO_LTR$2L_RaGOO$1554051$1563114	1
Gypsy6_I$3L_RaGOO$26345318$26352956	1
DOC$2L_RaGOO$21681339$21685258	1
Gypsy12_I$3R_RaGOO$11749790$11750421	1
DNAREP1_DM$3L_RaGOO$26298855$26299389	1
PROTOP$X_RaGOO$1413530$1413792	1
PROTOP_B$3L_RaGOO$17660476$17661100	1
XDMR$3R_RaGOO$12033425$12033750	1
XDMR$3R_RaGOO$12033751$12034091	1
G6_DM$2L_RaGOO$20460743$20461401	1
DNAREP1_DM$X_RaGOO$15249520$15249757	1
G_DM$2R_RaGOO$1024944$1025700	1
TC1-2_DM$3R_RaGOO$3958310$3959482	1
DNAREP1_DM$2L_RaGOO$21978274$21978712	1
DNAREP1_DM$X_RaGOO$19990595$19991109	1
DIVER2_I$3L_RaGOO$24735631$24736839	1
DNAREP1_DM$3L_RaGOO$24736155$24736498	1
DNAREP1_DM$2L_RaGOO$18201347$18201526	1
DNAREP1_DM$2R_RaGOO$3376620$3376850	1
G4_DM$2R_RaGOO$3983396$3985161	1
MDG1_I$2R_RaGOO$4140610$4141488	1
DM412$2R_RaGOO$4141471$4141760	1
DM297_LTR$3R_RaGOO$29474982$29479020	1
XDMR$3L_RaGOO$6768989$6769203	1
DNAREP1_DM$3L_RaGOO$22575633$22576099	1
DNAREP1_DM$X_RaGOO$11545814$11546273	1
